,品种/合约,日期,名次,会员简称,成交量（手）,增减量,会员简称,持买仓量,增减量,会员简称,持卖仓量,增减量
0,苹果AP,2021-01-29,1,海通期货,50625,-36122,国泰君安,14639,-532,鲁证期货,20069,-358
1,苹果AP,2021-01-29,2,徽商期货,17611,-20226,中信期货,14611,-1569,海证期货,20029,147
2,苹果AP,2021-01-29,3,中信期货,17477,-14360,徽商期货,13307,235,永安期货,17851,112
3,苹果AP,2021-01-29,4,华泰期货,16455,-16239,华泰期货,12784,-1739,华泰期货,16599,-2778
4,苹果AP,2021-01-29,5,东吴期货,15974,-23397,方正中期,12468,-394,方正中期,14540,-742
5,苹果AP,2021-01-29,6,国泰君安,15286,-12554,永安期货,12041,127,宏源期货,14353,-391
6,苹果AP,2021-01-29,7,光大期货,15172,-12274,银河期货,10572,-1482,中信期货,13309,-1170
7,苹果AP,2021-01-29,8,华闻期货,12641,-8417,申银万国,10221,-318,东证期货,11693,-1724
8,苹果AP,2021-01-29,9,东证期货,12244,-10214,光大期货,9714,-2692,一德期货,11363,382
9,苹果AP,2021-01-29,10,华安期货,11624,-13087,中大期货,9649,-199,华闻期货,11060,-726
10,苹果AP,2021-01-29,11,方正中期,10066,-15704,华安期货,9332,-443,银河期货,10421,-1878
11,苹果AP,2021-01-29,12,东方财富,9892,-10042,东方财富,8686,-406,徽商期货,9851,-730
12,苹果AP,2021-01-29,13,银河期货,9496,-9878,南华期货,8154,139,国泰君安,9512,-1772
13,苹果AP,2021-01-29,14,国富期货,9204,-4070,海通期货,8067,-1032,海通期货,9496,-977
14,苹果AP,2021-01-29,15,宏源期货,8561,-11499,鲁证期货,8009,-347,华安期货,8952,-1
15,苹果AP,2021-01-29,16,招金期货,8338,-2475,信达期货,7686,-91,光大期货,8190,-2416
16,苹果AP,2021-01-29,17,申银万国,7640,-6503,长江期货,7667,131,招金期货,7635,-619
17,苹果AP,2021-01-29,18,永安期货,7193,-9055,国投安信期货,7216,293,中辉期货,7409,-512
18,苹果AP,2021-01-29,19,中辉期货,6891,-8330,国信期货,7193,-806,申银万国,7160,-40
19,苹果AP,2021-01-29,20,东航期货,6601,-3176,浙商期货,7177,-398,中信建投,6922,117
20,棉花CF,2021-01-29,1,东证期货,90334,7584,东证期货,46074,-1568,中信期货,55405,-2896
21,棉花CF,2021-01-29,2,海通期货,44881,4825,永安期货,42603,2370,东证期货,46701,656
22,棉花CF,2021-01-29,3,中信期货,42796,-3200,银河期货,38410,405,国投安信期货,46677,-2075
23,棉花CF,2021-01-29,4,华西期货,28992,-1142,长江期货,28944,423,华融融达期货,36047,-1250
24,棉花CF,2021-01-29,5,中辉期货,28498,17962,中信期货,26067,-1012,中国国际,34099,44
25,棉花CF,2021-01-29,6,光大期货,27199,5102,海通期货,21537,-5087,长江期货,31698,-1849
26,棉花CF,2021-01-29,7,华泰期货,26067,-3284,华泰期货,19733,1914,中粮期货,29221,-593
27,棉花CF,2021-01-29,8,国泰君安,25244,-1504,中粮期货,18860,2688,永安期货,28811,-142
28,棉花CF,2021-01-29,9,银河期货,24038,7958,国投安信期货,18141,330,国泰君安,25904,903
29,棉花CF,2021-01-29,10,广发期货,16451,3045,华融融达期货,14716,1513,银河期货,24790,1113
30,棉花CF,2021-01-29,11,永安期货,16130,1230,国泰君安,14546,-491,新湖期货,21557,-117
31,棉花CF,2021-01-29,12,中粮期货,15451,1320,南华期货,13923,1740,国贸期货,15480,-542
32,棉花CF,2021-01-29,13,东吴期货,14622,3508,申银万国,13800,42,华泰期货,12892,1017
33,棉花CF,2021-01-29,14,浙商期货,13555,2907,五矿经易期货,11457,202,信达期货,11482,-661
34,棉花CF,2021-01-29,15,宏源期货,13253,1338,浙商期货,9935,2802,瑞达期货,9115,-34
35,棉花CF,2021-01-29,16,海证期货,10578,4530,中信建投,8915,277,海通期货,8596,470
36,棉花CF,2021-01-29,17,国海良时,9008,2718,中辉期货,8751,4,兴证期货,8035,348
37,棉花CF,2021-01-29,18,徽商期货,8759,2557,弘业期货,8307,18,广发期货,7024,-202
38,棉花CF,2021-01-29,19,申银万国,8330,-552,新湖期货,8023,-26,大有期货,6911,-219
39,棉花CF,2021-01-29,20,新湖期货,8117,-272,兴证期货,7344,586,国海良时,5998,2059
40,红枣CJ,2021-01-29,1,海通期货,3816,931,中信期货,3024,-25,中信期货,2867,-130
41,红枣CJ,2021-01-29,2,东证期货,3560,1748,中辉期货,1906,-67,永安期货,2856,-173
42,红枣CJ,2021-01-29,3,国泰君安,1452,451,华泰期货,1792,42,五矿经易期货,2337,-43
43,红枣CJ,2021-01-29,4,中信期货,1401,-2195,徽商期货,1295,83,银河期货,1047,-40
44,红枣CJ,2021-01-29,5,新湖期货,1312,48,一德期货,1149,6,华泰期货,959,-141
45,红枣CJ,2021-01-29,6,五矿经易期货,1188,341,东航期货,1092,-16,鲁证期货,874,-155
46,红枣CJ,2021-01-29,7,永安期货,936,419,国泰君安,827,-33,中财期货,831,-23
47,红枣CJ,2021-01-29,8,华安期货,883,-23,南华期货,736,-180,江西瑞奇,795,201
48,红枣CJ,2021-01-29,9,华泰期货,851,255,永安期货,695,15,国泰君安,795,-27
49,红枣CJ,2021-01-29,10,鲁证期货,697,321,宏源期货,677,-25,华闻期货,754,-28
50,红枣CJ,2021-01-29,11,徽商期货,687,-405,信达期货,672,-17,云财富期货,583,-19
51,红枣CJ,2021-01-29,12,中辉期货,634,-51,国元期货,555,7,东方汇金期货,554,3
52,红枣CJ,2021-01-29,13,华闻期货,632,213,鲁证期货,543,80,长安期货,495,1
53,红枣CJ,2021-01-29,14,江西瑞奇,548,82,方正中期,495,-41,新湖期货,481,18
54,红枣CJ,2021-01-29,15,宏源期货,512,322,华安期货,435,-123,宏源期货,479,-13
55,红枣CJ,2021-01-29,16,光大期货,473,133,海通期货,421,65,海证期货,463,-20
56,红枣CJ,2021-01-29,17,申银万国,458,196,金鹏期货,410,-1,中大期货,451,-1
57,红枣CJ,2021-01-29,18,方正中期,449,97,瑞达期货,407,16,浙商期货,450,6
58,红枣CJ,2021-01-29,19,银河期货,445,80,先锋期货,392,-18,南华期货,448,40
59,红枣CJ,2021-01-29,20,中原期货,410,343,中信建投,389,-18,国投安信期货,444,-3
60,棉纱CY,2021-01-29,1,海通期货,13696,4381,宏源期货,876,149,宏源期货,921,98
61,棉纱CY,2021-01-29,2,美尔雅,5750,2523,天风期货,765,0,中信期货,833,-55
62,棉纱CY,2021-01-29,3,南华期货,1507,-661,五矿经易期货,672,67,五矿经易期货,670,65
63,棉纱CY,2021-01-29,4,中粮期货,1352,-861,永安期货,612,-2,永安期货,621,-45
64,棉纱CY,2021-01-29,5,国海良时,1099,649,南华期货,513,-184,南华期货,565,-181
65,棉纱CY,2021-01-29,6,永安期货,1073,487,弘业期货,431,3,摩根大通,461,45
66,棉纱CY,2021-01-29,7,瑞达期货,848,272,中信期货,415,-93,东证期货,423,92
67,棉纱CY,2021-01-29,8,东证期货,798,205,国投安信期货,400,26,中粮期货,406,-189
68,棉纱CY,2021-01-29,9,弘业期货,794,-146,长江期货,389,5,国投安信期货,396,19
69,棉纱CY,2021-01-29,10,中信期货,780,-95,大地期货,358,26,瑞达期货,360,11
70,棉纱CY,2021-01-29,11,宏源期货,765,170,瑞达期货,352,-19,弘业期货,359,-3
71,棉纱CY,2021-01-29,12,锦泰期货,730,10,东证期货,335,-72,长江期货,353,-1
72,棉纱CY,2021-01-29,13,长江期货,664,185,锦泰期货,305,6,锦泰期货,305,6
73,棉纱CY,2021-01-29,14,国投安信期货,597,100,国泰君安,220,1,国泰君安,229,-46
74,棉纱CY,2021-01-29,15,五矿经易期货,490,-139,中粮期货,215,-187,华泰期货,216,-12
75,棉纱CY,2021-01-29,16,光大期货,394,13,招商期货,146,105,海通期货,197,-16
76,棉纱CY,2021-01-29,17,浙商期货,337,54,华联期货,118,40,广发期货,151,0
77,棉纱CY,2021-01-29,18,东吴期货,321,218,海证期货,96,-2,美尔雅,131,-8
78,棉纱CY,2021-01-29,19,安粮期货,281,29,方正中期,70,15,光大期货,54,-4
79,棉纱CY,2021-01-29,20,徽商期货,239,93,鲁证期货,65,15,国信期货,43,-1
80,玻璃FG,2021-01-29,1,国富期货,181367,-50026,中信期货,75943,1301,方正中期,27499,2041
81,玻璃FG,2021-01-29,2,中信期货,139674,14055,国泰君安,44240,2755,国泰君安,26220,-490
82,玻璃FG,2021-01-29,3,海通期货,111908,-1699,永安期货,34609,-1592,华泰期货,24187,-5765
83,玻璃FG,2021-01-29,4,东证期货,69993,-305,银河期货,24362,-1291,永安期货,22296,1035
84,玻璃FG,2021-01-29,5,光大期货,60325,-3748,宝城期货,18450,-2,中信期货,20427,-753
85,玻璃FG,2021-01-29,6,徽商期货,50282,657,方正中期,15211,-697,国投安信期货,18129,32
86,玻璃FG,2021-01-29,7,新湖期货,45241,-11487,华泰期货,14649,-1477,中辉期货,17559,-589
87,玻璃FG,2021-01-29,8,冠通期货,43975,-31902,海通期货,14023,235,徽商期货,16522,-2519
88,玻璃FG,2021-01-29,9,国泰君安,38693,-7477,浙商期货,11914,205,五矿经易期货,14524,71
89,玻璃FG,2021-01-29,10,方正中期,38424,-15234,东吴期货,11735,-381,浙商期货,14146,114
90,玻璃FG,2021-01-29,11,华泰期货,37064,-8021,广发期货,11281,468,东证期货,13562,-5173
91,玻璃FG,2021-01-29,12,华安期货,36698,-937,徽商期货,11152,-457,中信建投,12421,4247
92,玻璃FG,2021-01-29,13,中信建投,36610,-17763,五矿经易期货,10927,-584,华安期货,12288,-538
93,玻璃FG,2021-01-29,14,申银万国,33892,-579,南华期货,9677,-714,平安期货,12111,1163
94,玻璃FG,2021-01-29,15,广发期货,33703,-6729,东证期货,9342,-3194,申银万国,11785,3857
95,玻璃FG,2021-01-29,16,永安期货,28193,-10226,光大期货,9272,-337,光大期货,11611,-1736
96,玻璃FG,2021-01-29,17,银河期货,27384,653,中辉期货,8870,61,海通期货,11436,-95
97,玻璃FG,2021-01-29,18,华西期货,23491,-23413,弘业期货,8540,-242,银河期货,11299,-2297
98,玻璃FG,2021-01-29,19,东吴期货,23153,-10788,国投安信期货,8220,451,弘业期货,11255,567
99,玻璃FG,2021-01-29,20,中粮期货,21221,-1680,国富期货,7710,-1893,东吴期货,10223,-86
100,粳稻JR,2021-01-29,1,东航期货,16,10,天风期货,16,0,长江期货,40,0
101,粳稻JR,2021-01-29,2,渤海期货,10,0,东航期货,12,8,渤海期货,28,10
102,粳稻JR,2021-01-29,3,国投安信期货,4,0,平安期货,10,0,徽商期货,2,1
103,粳稻JR,2021-01-29,4,江西瑞奇,4,4,西南期货,9,0,上海大陆,1,1
104,粳稻JR,2021-01-29,5,南华期货,4,4,华安期货,5,-1,中辉期货,1,0
105,粳稻JR,2021-01-29,6,上海大陆,3,2,南华期货,4,4,华泰期货,0,0
106,粳稻JR,2021-01-29,7,徽商期货,3,-1,金石期货,2,0,国投安信期货,0,-4
107,粳稻JR,2021-01-29,8,华安期货,3,3,瑞达期货,2,0,弘业期货,0,0
108,粳稻JR,2021-01-29,9,中辉期货,1,1,华鑫期货,2,0,江西瑞奇,0,0
109,粳稻JR,2021-01-29,10,华泰期货,0,0,宏源期货,2,0,金石期货,0,0
110,粳稻JR,2021-01-29,11,弘业期货,0,-2,华泰期货,1,0,银河期货,0,0
111,粳稻JR,2021-01-29,12,金石期货,0,0,徽商期货,1,-2,鲁证期货,0,0
112,粳稻JR,2021-01-29,13,银河期货,0,0,银河期货,1,0,西南期货,0,0
113,粳稻JR,2021-01-29,14,鲁证期货,0,0,鲁证期货,1,0,海通期货,0,0
114,粳稻JR,2021-01-29,15,西南期货,0,0,海通期货,1,0,浙商期货,0,0
115,粳稻JR,2021-01-29,16,长江期货,0,0,中辉期货,1,-1,瑞达期货,0,0
116,粳稻JR,2021-01-29,17,海通期货,0,0,金信期货,1,0,东航期货,0,0
117,粳稻JR,2021-01-29,18,浙商期货,0,-1,华闻期货,1,0,天风期货,0,0
118,粳稻JR,2021-01-29,19,瑞达期货,0,0,上海大陆,0,0,华鑫期货,0,0
119,粳稻JR,2021-01-29,20,天风期货,0,-10,国投安信期货,0,0,宏源期货,0,0
120,甲醇MA,2021-01-29,1,东证期货,379525,106266,东证期货,100995,-6795,中信期货,101978,19954
121,甲醇MA,2021-01-29,2,中信期货,138199,55740,中信期货,73119,32509,东证期货,85252,-28670
122,甲醇MA,2021-01-29,3,华闻期货,135994,43179,东吴期货,51074,-2238,永安期货,79455,-2137
123,甲醇MA,2021-01-29,4,东吴期货,129368,6971,光大期货,49991,12346,光大期货,50175,13923
124,甲醇MA,2021-01-29,5,冠通期货,125149,21374,东海期货,37412,3519,东吴期货,49390,-1318
125,甲醇MA,2021-01-29,6,光大期货,102697,28294,华闻期货,36197,3566,国泰君安,38856,-8605
126,甲醇MA,2021-01-29,7,华泰期货,90866,25000,永安期货,34465,-1006,华泰期货,38332,-4935
127,甲醇MA,2021-01-29,8,东海期货,78749,25410,冠通期货,33273,-5505,东海期货,35137,1508
128,甲醇MA,2021-01-29,9,瑞达期货,73810,11284,华泰期货,32879,2955,华闻期货,34216,3272
129,甲醇MA,2021-01-29,10,徽商期货,66490,14948,中辉期货,26774,549,申银万国,30225,7322
130,甲醇MA,2021-01-29,11,永安期货,65853,33475,徽商期货,24372,-2844,冠通期货,26816,-6708
131,甲醇MA,2021-01-29,12,中辉期货,65009,10446,中信建投,24241,-1780,中辉期货,22300,-630
132,甲醇MA,2021-01-29,13,国泰君安,64615,24195,国泰君安,22154,-6410,中粮期货,21662,-4910
133,甲醇MA,2021-01-29,14,国富期货,63523,12995,海通期货,20705,3558,广发期货,19692,-643
134,甲醇MA,2021-01-29,15,长安期货,58436,9554,新湖期货,20415,115,瑞达期货,19071,-9910
135,甲醇MA,2021-01-29,16,海通期货,53581,12562,广发期货,19182,-1385,中信建投,18963,-1667
136,甲醇MA,2021-01-29,17,申银万国,49070,1174,华安期货,19088,-1504,国富期货,18713,-1082
137,甲醇MA,2021-01-29,18,山西三立,48572,10918,安粮期货,17719,-1805,宏源期货,18694,-1697
138,甲醇MA,2021-01-29,19,河北恒银,48468,1129,弘业期货,17042,-9,新湖期货,18366,534
139,甲醇MA,2021-01-29,20,迈科期货,41575,12894,兴业期货,16991,1279,徽商期货,17459,-48
140,菜油OI,2021-01-29,1,海通期货,118934,30104,中信期货,14103,-722,中粮期货,28183,-298
141,菜油OI,2021-01-29,2,东证期货,90783,15824,国富期货,13888,753,国投安信期货,18638,30
142,菜油OI,2021-01-29,3,中信期货,40836,12454,东证期货,10787,580,摩根大通,10397,-314
143,菜油OI,2021-01-29,4,光大期货,40609,7756,申银万国,8354,-3878,兴证期货,10317,53
144,菜油OI,2021-01-29,5,华联期货,36010,8299,中粮期货,7942,554,光大期货,9910,-93
145,菜油OI,2021-01-29,6,华西期货,25057,7737,西部期货,7445,429,安粮期货,9515,-75
146,菜油OI,2021-01-29,7,华泰期货,18767,3972,中信建投,7064,-866,东证期货,9087,1151
147,菜油OI,2021-01-29,8,新湖期货,16752,3073,国泰君安,6401,-1428,中信期货,7292,660
148,菜油OI,2021-01-29,9,宏源期货,15091,5632,建信期货,5641,-308,中信建投,6024,-143
149,菜油OI,2021-01-29,10,徽商期货,14991,4260,华泰期货,4996,-1052,英大期货,4116,201
150,菜油OI,2021-01-29,11,银河期货,13802,-4125,海通期货,4023,-848,华泰期货,3488,511
151,菜油OI,2021-01-29,12,国富期货,12898,4547,永安期货,3733,-379,信达期货,3130,-18
152,菜油OI,2021-01-29,13,东吴期货,12481,2710,中财期货,3507,659,海通期货,3016,-38
153,菜油OI,2021-01-29,14,华安期货,12032,1753,摩根大通,3002,-404,华安期货,2511,-343
154,菜油OI,2021-01-29,15,国泰君安,11632,-601,兴证期货,2865,-561,华金期货,2373,-55
155,菜油OI,2021-01-29,16,中粮期货,11282,-1647,光大期货,2793,678,新湖期货,2206,2
156,菜油OI,2021-01-29,17,申银万国,11122,4803,长安期货,2568,49,广发期货,2181,34
157,菜油OI,2021-01-29,18,华闻期货,9952,-1325,银河期货,2523,-257,弘业期货,2115,-79
158,菜油OI,2021-01-29,19,方正中期,9625,2265,华安期货,2426,255,瑞达期货,1887,-539
159,菜油OI,2021-01-29,20,中信建投,9205,-3425,瑞达期货,2420,-936,方正中期,1617,-298
160,短纤PF,2021-01-29,1,中信期货,38820,8775,永安期货,13971,457,天风期货,12519,362
161,短纤PF,2021-01-29,2,徽商期货,9338,2972,国泰君安,4748,437,永安期货,9933,-193
162,短纤PF,2021-01-29,3,光大期货,7736,1968,华泰期货,4164,-163,国贸期货,6424,195
163,短纤PF,2021-01-29,4,海通期货,6654,2627,方正中期,3447,-419,中国国际,6198,-21
164,短纤PF,2021-01-29,5,浙商期货,6088,2598,中信期货,3292,177,国泰君安,5211,-266
165,短纤PF,2021-01-29,6,华泰期货,5955,1935,中财期货,2606,157,建信期货,5097,-6
166,短纤PF,2021-01-29,7,国泰君安,5809,2188,东吴期货,2534,218,银河期货,4692,19
167,短纤PF,2021-01-29,8,新湖期货,4250,373,徽商期货,2493,18,光大期货,3615,2
168,短纤PF,2021-01-29,9,华安期货,4223,159,东海期货,2467,473,中信期货,3190,57
169,短纤PF,2021-01-29,10,弘业期货,4220,1586,银河期货,2400,40,广发期货,3089,955
170,短纤PF,2021-01-29,11,东证期货,3880,721,弘业期货,2377,395,东吴期货,2925,-20
171,短纤PF,2021-01-29,12,国富期货,3847,1253,平安期货,2215,-41,申银万国,2839,387
172,短纤PF,2021-01-29,13,中信建投,3843,-2557,浙商期货,2202,-632,华泰期货,2774,-60
173,短纤PF,2021-01-29,14,华西期货,3786,107,中信建投,2041,-647,浙商期货,2713,872
174,短纤PF,2021-01-29,15,永安期货,3784,440,广发期货,2007,184,国投安信期货,2296,-1130
175,短纤PF,2021-01-29,16,广发期货,3689,1850,鲁证期货,1999,-608,中融汇信,2225,199
176,短纤PF,2021-01-29,17,东吴期货,3578,-542,国贸期货,1902,152,中财期货,2191,104
177,短纤PF,2021-01-29,18,方正中期,3520,1223,中辉期货,1716,45,海通期货,1789,-305
178,短纤PF,2021-01-29,19,中辉期货,3292,-310,光大期货,1659,-698,中州期货,1668,100
179,短纤PF,2021-01-29,20,国投安信期货,3147,1019,东证期货,1514,39,弘业期货,1123,-667
180,普麦PM,2021-01-29,1,华泰期货,0,0,中州期货,13,0,华融融达期货,23,0
181,普麦PM,2021-01-29,2,国投安信期货,0,0,福能期货,7,0,东航期货,8,0
182,普麦PM,2021-01-29,3,招商期货,0,0,国投安信期货,4,0,中州期货,6,0
183,普麦PM,2021-01-29,4,徽商期货,0,0,华泰期货,3,0,中辉期货,1,0
184,普麦PM,2021-01-29,5,华融融达期货,0,0,招商期货,3,0,华泰期货,0,0
185,普麦PM,2021-01-29,6,福能期货,0,0,中辉期货,3,0,国投安信期货,0,0
186,普麦PM,2021-01-29,7,东航期货,0,0,徽商期货,2,0,招商期货,0,0
187,普麦PM,2021-01-29,8,中州期货,0,0,五矿经易期货,2,0,徽商期货,0,0
188,普麦PM,2021-01-29,9,五矿经易期货,0,0,东航期货,1,0,福能期货,0,0
189,普麦PM,2021-01-29,10,中辉期货,0,0,华融融达期货,0,0,五矿经易期货,0,0
190,菜粕RM,2021-01-29,1,东证期货,294482,19505,中信期货,25250,113,中粮期货,59107,-1406
191,菜粕RM,2021-01-29,2,海通期货,261776,39039,国泰君安,20873,498,兴证期货,46787,-1884
192,菜粕RM,2021-01-29,3,中信期货,136437,24368,华泰期货,20425,1723,光大期货,35683,578
193,菜粕RM,2021-01-29,4,华西期货,124587,-16484,中粮期货,20029,942,中信期货,21373,1500
194,菜粕RM,2021-01-29,5,华泰期货,107166,28116,东证期货,19628,6147,国泰君安,19289,-71
195,菜粕RM,2021-01-29,6,光大期货,104547,9103,永安期货,17158,-1185,华泰期货,18632,-1485
196,菜粕RM,2021-01-29,7,国富期货,61686,12200,徽商期货,15060,573,浙商期货,17166,517
197,菜粕RM,2021-01-29,8,徽商期货,49164,7735,浙商期货,13864,-83,国投安信期货,16029,-97
198,菜粕RM,2021-01-29,9,国泰君安,44705,6239,鲁证期货,13718,358,东证期货,11905,-2857
199,菜粕RM,2021-01-29,10,银河期货,43866,6423,宏源期货,13006,-1575,华安期货,11339,745
200,菜粕RM,2021-01-29,11,广发期货,43591,9253,国投安信期货,12124,-914,永安期货,9058,-96
201,菜粕RM,2021-01-29,12,华安期货,40641,3249,南华期货,11414,-27,鲁证期货,8967,235
202,菜粕RM,2021-01-29,13,东吴期货,38614,538,华安期货,10849,84,徽商期货,8318,1249
203,菜粕RM,2021-01-29,14,东方财富,32907,-1811,瑞达期货,10603,-79,安粮期货,7975,367
204,菜粕RM,2021-01-29,15,新湖期货,29502,-1816,安粮期货,9032,682,国盛期货,7080,2
205,菜粕RM,2021-01-29,16,宏源期货,26333,8996,海通期货,8879,441,广发期货,7010,39
206,菜粕RM,2021-01-29,17,中信建投,25965,-4124,中信建投,8804,986,摩根大通,6494,992
207,菜粕RM,2021-01-29,18,中粮期货,24934,1185,银河期货,8793,478,海通期货,6365,-773
208,菜粕RM,2021-01-29,19,中辉期货,23542,3138,海证期货,8596,762,弘业期货,5746,236
209,菜粕RM,2021-01-29,20,申银万国,22713,4235,广发期货,7831,-234,银河期货,5700,416
210,菜籽RS,2021-01-29,1,东证期货,2,2,广州金控,9,-1,国投安信期货,4,0
211,菜籽RS,2021-01-29,2,华泰期货,1,1,兴业期货,3,0,银河期货,3,0
212,菜籽RS,2021-01-29,3,中原期货,1,-1,广发期货,2,0,中粮期货,2,0
213,菜籽RS,2021-01-29,4,山西三立,1,1,新纪元期货,1,0,海通期货,2,0
214,菜籽RS,2021-01-29,5,广州金控,1,0,中信期货,1,0,财信期货,2,0
215,菜籽RS,2021-01-29,6,新纪元期货,0,0,光大期货,1,0,华泰期货,1,-1
216,菜籽RS,2021-01-29,7,国投安信期货,0,0,东方财富,1,0,中原期货,1,1
217,菜籽RS,2021-01-29,8,银河期货,0,0,华泰期货,0,0,光大期货,1,0
218,菜籽RS,2021-01-29,9,中信期货,0,0,国投安信期货,0,0,浙商期货,1,0
219,菜籽RS,2021-01-29,10,中粮期货,0,0,银河期货,0,0,永安期货,1,0
220,菜籽RS,2021-01-29,11,海通期货,0,0,中粮期货,0,0,新纪元期货,0,0
221,菜籽RS,2021-01-29,12,兴业期货,0,0,海通期货,0,0,中信期货,0,0
222,菜籽RS,2021-01-29,13,光大期货,0,0,中原期货,0,0,兴业期货,0,0
223,菜籽RS,2021-01-29,14,浙商期货,0,0,东证期货,0,0,东证期货,0,0
224,菜籽RS,2021-01-29,15,和合期货,0,-2,浙商期货,0,0,山西三立,0,-1
225,菜籽RS,2021-01-29,16,广发期货,0,0,山西三立,0,0,和合期货,0,0
226,菜籽RS,2021-01-29,17,永安期货,0,0,和合期货,0,0,广发期货,0,0
227,菜籽RS,2021-01-29,18,财信期货,0,-1,永安期货,0,0,广州金控,0,0
228,菜籽RS,2021-01-29,19,东方财富,0,0,财信期货,0,0,东方财富,0,0
229,纯碱SA,2021-01-29,1,海通期货,79863,-7492,中信期货,11314,3793,永安期货,21688,3171
230,纯碱SA,2021-01-29,2,中信建投,47685,-22841,国泰君安,10050,-1911,中粮期货,10663,1925
231,纯碱SA,2021-01-29,3,东证期货,31242,-2273,徽商期货,9629,599,中信期货,10549,-1795
232,纯碱SA,2021-01-29,4,新湖期货,27142,2459,永安期货,8093,1461,徽商期货,8742,-1181
233,纯碱SA,2021-01-29,5,徽商期货,26000,-6649,兴证期货,7876,-140,国泰君安,8206,71
234,纯碱SA,2021-01-29,6,中信期货,26000,5946,东证期货,7186,-3983,银河期货,7840,2501
235,纯碱SA,2021-01-29,7,银河期货,25969,2444,银河期货,7139,824,大有期货,7762,-62
236,纯碱SA,2021-01-29,8,广发期货,24886,-2266,方正中期,6832,309,方正中期,7220,-486
237,纯碱SA,2021-01-29,9,国泰君安,24476,217,海通期货,6584,-119,瑞达期货,6942,821
238,纯碱SA,2021-01-29,10,光大期货,24226,-12652,新湖期货,6330,785,上海大陆,6553,1117
239,纯碱SA,2021-01-29,11,华泰期货,20273,-2055,瑞达期货,5865,1175,兴证期货,5365,-201
240,纯碱SA,2021-01-29,12,东吴期货,17850,-4146,混沌天成期货,5651,-36,平安期货,5209,107
241,纯碱SA,2021-01-29,13,永安期货,17708,2482,大有期货,5275,279,五矿经易期货,5027,407
242,纯碱SA,2021-01-29,14,华安期货,17314,-3489,五矿经易期货,5253,-36,华安期货,4675,-73
243,纯碱SA,2021-01-29,15,方正中期,15825,-1113,中信建投,5101,95,新湖期货,4416,1009
244,纯碱SA,2021-01-29,16,兴证期货,12589,-4524,华泰期货,5098,-156,国富期货,3980,1075
245,纯碱SA,2021-01-29,17,东方财富,12325,230,平安期货,4823,215,光大期货,3878,-7560
246,纯碱SA,2021-01-29,18,中粮期货,12039,-3841,天风期货,4182,101,宏源期货,3860,-111
247,纯碱SA,2021-01-29,19,宏源期货,11216,1388,招商期货,4114,-388,招商期货,3826,-576
248,纯碱SA,2021-01-29,20,鲁证期货,10306,3538,东吴期货,4009,151,广发期货,3604,-292
249,硅铁SF,2021-01-29,1,中信期货,115698,23310,中信期货,15848,1152,中信期货,18850,-986
250,硅铁SF,2021-01-29,2,东证期货,47363,15581,银河期货,8528,-2172,五矿经易期货,12064,469
251,硅铁SF,2021-01-29,3,徽商期货,29056,7786,一德期货,6535,-4559,东证期货,9534,2683
252,硅铁SF,2021-01-29,4,光大期货,21864,5802,五矿经易期货,6376,-1286,银河期货,7104,-2158
253,硅铁SF,2021-01-29,5,广发期货,21059,15312,永安期货,5868,-343,永安期货,6602,-36
254,硅铁SF,2021-01-29,6,东方财富,21008,4832,华融融达期货,5775,2685,华融融达期货,6046,-398
255,硅铁SF,2021-01-29,7,东吴期货,18513,2755,国投安信期货,5594,-2817,光大期货,5350,1089
256,硅铁SF,2021-01-29,8,申银万国,18150,5517,美尔雅,5426,58,国泰君安,5032,1153
257,硅铁SF,2021-01-29,9,华闻期货,18074,-2356,国泰君安,5232,-1214,华泰期货,4949,-159
258,硅铁SF,2021-01-29,10,美尔雅,17869,7058,东证期货,5002,-6378,新湖期货,4065,240
259,硅铁SF,2021-01-29,11,银河期货,17390,7013,海通期货,4222,-632,中粮期货,4015,-2161
260,硅铁SF,2021-01-29,12,华泰期货,17083,2476,光大期货,4121,483,海通期货,3429,208
261,硅铁SF,2021-01-29,13,海通期货,16096,253,中原期货,4049,-943,华闻期货,3164,1431
262,硅铁SF,2021-01-29,14,新湖期货,14681,1380,新湖期货,3530,-363,浙商期货,2997,-1058
263,硅铁SF,2021-01-29,15,国泰君安,13647,-2429,华泰期货,3394,-1396,首创期货,2502,55
264,硅铁SF,2021-01-29,16,国投安信期货,13547,7697,华闻期货,3274,1401,东海期货,2464,1649
265,硅铁SF,2021-01-29,17,中粮期货,12822,1796,徽商期货,3218,412,中信建投,2255,509
266,硅铁SF,2021-01-29,18,永安期货,12217,1793,海证期货,3198,1331,东吴期货,2135,-207
267,硅铁SF,2021-01-29,19,创元期货,12133,2129,建信期货,3151,-56,南华期货,1945,407
268,硅铁SF,2021-01-29,20,一德期货,12112,6394,申银万国,3016,-40,大有期货,1932,-752
269,锰硅SM,2021-01-29,1,中信期货,118886,-6090,中信期货,20154,1309,中信期货,21535,-649
270,锰硅SM,2021-01-29,2,东证期货,31403,-5115,申银万国,9820,-39,银河期货,16216,-895
271,锰硅SM,2021-01-29,3,银河期货,19990,4389,五矿经易期货,8992,1445,国泰君安,9599,581
272,锰硅SM,2021-01-29,4,华闻期货,17217,2799,国泰君安,5948,-584,五矿经易期货,7642,705
273,锰硅SM,2021-01-29,5,海通期货,16615,-6698,一德期货,5444,879,中钢期货,7503,-1722
274,锰硅SM,2021-01-29,6,华西期货,15832,3575,东证期货,4943,-189,中信建投,6230,519
275,锰硅SM,2021-01-29,7,广发期货,15681,-6643,国投安信期货,4717,3051,中粮期货,4153,274
276,锰硅SM,2021-01-29,8,徽商期货,14171,890,东兴期货,3923,-301,东证期货,4014,926
277,锰硅SM,2021-01-29,9,光大期货,13412,-1765,银河期货,3882,917,一德期货,3619,418
278,锰硅SM,2021-01-29,10,东吴期货,12209,-1339,永安期货,3861,364,上海大陆,3137,-230
279,锰硅SM,2021-01-29,11,华泰期货,11543,-1708,中粮期货,3608,235,东吴期货,3103,609
280,锰硅SM,2021-01-29,12,国信期货,9121,636,广发期货,3393,168,申银万国,2950,83
281,锰硅SM,2021-01-29,13,中财期货,8537,4615,兴证期货,2882,375,兴证期货,2830,-21
282,锰硅SM,2021-01-29,14,国泰君安,8237,-935,国海良时,2818,-1026,东兴期货,2798,-518
283,锰硅SM,2021-01-29,15,锦泰期货,7788,713,海证期货,2817,-387,永安期货,2780,39
284,锰硅SM,2021-01-29,16,宏源期货,7716,1014,弘业期货,2589,1386,东海期货,2532,-214
285,锰硅SM,2021-01-29,17,新湖期货,7709,464,华泰期货,2541,-1328,华泰期货,2379,1011
286,锰硅SM,2021-01-29,18,华安期货,7633,68,天富期货,2483,-75,宏源期货,1964,752
287,锰硅SM,2021-01-29,19,国海良时,7556,350,东吴期货,2477,306,浙商期货,1921,-855
288,锰硅SM,2021-01-29,20,中辉期货,7422,-2744,方正中期,1806,-340,广发期货,1860,227
289,白糖SR,2021-01-29,1,东证期货,97191,-4305,中粮期货,41616,1229,中粮期货,162115,-1197
290,白糖SR,2021-01-29,2,华泰期货,60792,2171,华泰期货,36879,782,中信期货,38645,1106
291,白糖SR,2021-01-29,3,海通期货,57260,-34996,光大期货,26315,-222,华泰期货,32110,-6710
292,白糖SR,2021-01-29,4,中信期货,34780,-7982,中信期货,25921,-640,首创期货,26855,-18
293,白糖SR,2021-01-29,5,光大期货,27274,-9548,华联期货,20784,-237,永安期货,26843,45
294,白糖SR,2021-01-29,6,华西期货,25507,-9787,永安期货,19693,-532,东证期货,25071,450
295,白糖SR,2021-01-29,7,东吴期货,20496,-2650,宏源期货,16232,1192,国盛期货,19261,4
296,白糖SR,2021-01-29,8,中粮期货,19962,-5231,国泰君安,16055,166,东兴期货,17186,-192
297,白糖SR,2021-01-29,9,广发期货,16274,-5820,华融融达期货,13500,631,国投安信期货,15805,249
298,白糖SR,2021-01-29,10,银河期货,14547,-2603,东证期货,13468,-1203,广发期货,14121,62
299,白糖SR,2021-01-29,11,徽商期货,14403,-1931,银河期货,13413,-432,宏源期货,13777,303
300,白糖SR,2021-01-29,12,国泰君安,14401,-8365,中信建投,12838,1101,浙商期货,13007,397
301,白糖SR,2021-01-29,13,华闻期货,14010,-275,徽商期货,12677,1905,光大期货,12988,976
302,白糖SR,2021-01-29,14,方正中期,12222,-2571,海通期货,12666,-2179,华金期货,12446,-591
303,白糖SR,2021-01-29,15,申银万国,11308,-1044,首创期货,12375,1132,中投天琪,11871,306
304,白糖SR,2021-01-29,16,华安期货,11089,-3630,方正中期,11889,-817,南华期货,10898,406
305,白糖SR,2021-01-29,17,宏源期货,10735,-542,平安期货,11108,-66,天风期货,10149,1194
306,白糖SR,2021-01-29,18,国贸期货,10301,-6643,东兴期货,10624,1044,国泰君安,10132,1103
307,白糖SR,2021-01-29,19,华金期货,9575,-3283,中州期货,10289,643,银河期货,9187,181
308,白糖SR,2021-01-29,20,中信建投,9459,-203,申银万国,9536,-781,东海期货,8306,145
309,PTA,2021-01-29,1,东证期货,433911,181427,永安期货,127463,27374,国贸期货,252532,20237
310,PTA,2021-01-29,2,中信期货,359604,176108,华泰期货,126089,3735,永安期货,247400,384
311,PTA,2021-01-29,3,海通期货,296788,83315,南华期货,125756,-7556,中信期货,216179,-3457
312,PTA,2021-01-29,4,华泰期货,255388,121537,信达期货,119715,-3151,建信期货,185142,-11116
313,PTA,2021-01-29,5,冠通期货,183624,123999,东证期货,98085,16142,中银国际,182836,-321
314,PTA,2021-01-29,6,国泰君安,154043,75841,中信期货,97336,12617,国泰君安,138273,-12618
315,PTA,2021-01-29,7,光大期货,139751,24801,浙商期货,92791,-4408,银河期货,125867,-550
316,PTA,2021-01-29,8,银河期货,138245,78850,瑞达期货,89634,782,五矿经易期货,119316,4466
317,PTA,2021-01-29,9,永安期货,136216,63008,国泰君安,86607,25631,光大期货,98858,1451
318,PTA,2021-01-29,10,华闻期货,129517,69300,国投安信期货,83266,817,申银万国,88912,-1929
319,PTA,2021-01-29,11,国富期货,126406,68310,宝城期货,73037,957,通惠期货,80234,2061
320,PTA,2021-01-29,12,东吴期货,120451,64180,广发期货,71300,-453,东吴期货,79870,3198
321,PTA,2021-01-29,13,徽商期货,119766,81133,光大期货,65184,-366,东证期货,79652,14245
322,PTA,2021-01-29,14,华西期货,116463,67777,银河期货,63058,-2247,新湖期货,75831,3434
323,PTA,2021-01-29,15,华安期货,113062,43826,大地期货,58608,629,东海期货,75068,1098
324,PTA,2021-01-29,16,新湖期货,112744,49593,建信期货,56851,-803,南华期货,68799,-529
325,PTA,2021-01-29,17,东海期货,111015,89037,徽商期货,55182,-1327,瑞达期货,60336,-1019
326,PTA,2021-01-29,18,中辉期货,107180,59020,申银万国,53076,392,宝城期货,54623,-804
327,PTA,2021-01-29,19,方正中期,78123,38472,中辉期货,52995,-2790,中国国际,46980,4271
328,PTA,2021-01-29,20,申银万国,64579,39786,金瑞期货,52012,-14330,华泰期货,43235,-1931
329,尿素UR,2021-01-29,1,海通期货,41467,10745,中信期货,12029,914,国泰君安,8666,1063
330,尿素UR,2021-01-29,2,东证期货,22635,5853,鲁证期货,8924,1981,永安期货,8269,934
331,尿素UR,2021-01-29,3,中信建投,17981,12477,国泰君安,6308,2272,银河期货,7346,-200
332,尿素UR,2021-01-29,4,徽商期货,16265,4812,海通期货,5737,1675,美尔雅,4837,216
333,尿素UR,2021-01-29,5,国泰君安,12085,5897,银河期货,5562,337,华安期货,4684,604
334,尿素UR,2021-01-29,6,华安期货,11150,4783,东证期货,5437,296,宝城期货,4403,3582
335,尿素UR,2021-01-29,7,华泰期货,11002,5265,永安期货,5198,1594,徽商期货,4391,1576
336,尿素UR,2021-01-29,8,永安期货,10660,1892,中信建投,4340,2408,格林大华期货,4266,2150
337,尿素UR,2021-01-29,9,光大期货,10635,3574,华泰期货,3838,683,中信期货,3933,389
338,尿素UR,2021-01-29,10,美尔雅,10154,6351,中辉期货,3331,1554,长江期货,3425,21
339,尿素UR,2021-01-29,11,银河期货,9905,1750,华安期货,3237,306,浙商期货,3208,1280
340,尿素UR,2021-01-29,12,浙商期货,8765,4087,长江期货,3185,284,申银万国,3139,647
341,尿素UR,2021-01-29,13,冠通期货,8751,7317,南华期货,3013,504,中信建投,3060,385
342,尿素UR,2021-01-29,14,东吴期货,7945,2844,一德期货,2908,305,宏源期货,2954,259
343,尿素UR,2021-01-29,15,鲁证期货,7863,-1658,宏源期货,2803,801,国贸期货,2930,280
344,尿素UR,2021-01-29,16,中辉期货,7399,4164,东吴期货,2715,-79,华泰期货,2921,1469
345,尿素UR,2021-01-29,17,中信期货,6889,966,兴证期货,2634,908,弘业期货,2834,1039
346,尿素UR,2021-01-29,18,方正中期,6655,3319,招金期货,2593,1433,河北恒银,2595,234
347,尿素UR,2021-01-29,19,东方财富,5685,2455,中州期货,2187,570,国投安信期货,2411,189
348,尿素UR,2021-01-29,20,一德期货,5505,1450,浙商期货,1996,1021,一德期货,2280,1372
349,强麦WH,2021-01-29,1,徽商期货,44,30,中信建投,143,-5,国泰君安,330,0
350,强麦WH,2021-01-29,2,招金期货,32,32,兴证期货,76,1,中信建投,228,0
351,强麦WH,2021-01-29,3,上海大陆,16,16,新晟期货,39,0,永安期货,85,0
352,强麦WH,2021-01-29,4,中辉期货,13,7,中天期货,35,0,中财期货,66,0
353,强麦WH,2021-01-29,5,渤海期货,7,6,招金期货,33,8,华融融达期货,28,0
354,强麦WH,2021-01-29,6,中信建投,7,-6,东航期货,32,-3,新纪元期货,22,4
355,强麦WH,2021-01-29,7,中银国际,6,3,华闻期货,32,0,长江期货,19,0
356,强麦WH,2021-01-29,8,东证期货,5,4,中银国际,31,0,国投安信期货,6,0
357,强麦WH,2021-01-29,9,新纪元期货,4,1,国泰君安,27,1,银河期货,5,3
358,强麦WH,2021-01-29,10,创元期货,4,4,海通期货,23,0,华泰期货,3,2
359,强麦WH,2021-01-29,11,东航期货,4,3,永安期货,23,1,华安期货,3,0
360,强麦WH,2021-01-29,12,东方财富,4,4,招商期货,22,0,中州期货,1,0
361,强麦WH,2021-01-29,13,银河期货,3,1,徽商期货,22,14,恒泰期货,1,-1
362,强麦WH,2021-01-29,14,兴业期货,3,-7,上海大陆,19,0,晟鑫期货,0,0
363,强麦WH,2021-01-29,15,永安期货,3,3,宝城期货,19,0,上海大陆,0,0
364,强麦WH,2021-01-29,16,平安期货,3,3,中州期货,18,0,招商期货,0,0
365,强麦WH,2021-01-29,17,华泰期货,2,1,广发期货,16,0,宝城期货,0,0
366,强麦WH,2021-01-29,18,长江期货,2,1,信达期货,15,0,格林大华期货,0,0
367,强麦WH,2021-01-29,19,东吴期货,2,2,上海中期,14,0,江苏东华,0,0
368,强麦WH,2021-01-29,20,华安期货,2,1,格林大华期货,12,0,弘业期货,0,0
369,动力煤ZC,2021-01-29,1,东证期货,143875,37948,永安期货,32731,5538,中信期货,25496,1974
370,动力煤ZC,2021-01-29,2,光大期货,80154,30766,中信期货,28349,1521,国泰君安,20695,1703
371,动力煤ZC,2021-01-29,3,中信期货,70447,20375,华泰期货,14746,2113,东证期货,15282,1581
372,动力煤ZC,2021-01-29,4,海通期货,67374,8094,东证期货,10570,-128,国投安信期货,11347,-1817
373,动力煤ZC,2021-01-29,5,华闻期货,65181,32356,银河期货,10568,1382,银河期货,10566,6
374,动力煤ZC,2021-01-29,6,新湖期货,49005,15957,瑞达期货,8485,411,华泰期货,10081,168
375,动力煤ZC,2021-01-29,7,华西期货,46723,14383,中信建投,7740,4048,光大期货,9097,-184
376,动力煤ZC,2021-01-29,8,华泰期货,46593,18551,五矿经易期货,7624,1433,国联期货,8080,1832
377,动力煤ZC,2021-01-29,9,徽商期货,43172,23746,新湖期货,7479,655,永安期货,8027,1452
378,动力煤ZC,2021-01-29,10,中信建投,34829,16332,国盛期货,7403,29,美尔雅,7493,56
379,动力煤ZC,2021-01-29,11,国富期货,31521,7953,首创期货,7102,-136,海通期货,6375,-522
380,动力煤ZC,2021-01-29,12,永安期货,25698,10557,宝城期货,7096,5403,徽商期货,6105,1137
381,动力煤ZC,2021-01-29,13,东吴期货,25240,10280,国泰君安,6941,-2067,兴证期货,4899,625
382,动力煤ZC,2021-01-29,14,国泰君安,24782,8027,申银万国,6730,851,浙商期货,4887,1947
383,动力煤ZC,2021-01-29,15,银河期货,23926,13842,南华期货,5109,-412,一德期货,4824,-208
384,动力煤ZC,2021-01-29,16,华安期货,22391,9845,一德期货,5043,517,宏源期货,4659,650
385,动力煤ZC,2021-01-29,17,东方财富,22020,8195,中粮期货,4445,135,国富期货,4647,288
386,动力煤ZC,2021-01-29,18,中天期货,21126,10864,长江期货,4251,-93,方正中期,4638,930
387,动力煤ZC,2021-01-29,19,申银万国,20724,8508,海通期货,3914,108,鲁证期货,4366,38
388,动力煤ZC,2021-01-29,20,创元期货,20647,4382,方正中期,3782,-605,申银万国,4322,999
389,AP103,2021-01-29,1,海通期货,1701,-1938,先锋期货,977,-2,海证期货,1333,-6
390,AP103,2021-01-29,2,华西期货,434,-544,南华期货,856,1,永安期货,917,-1
391,AP103,2021-01-29,3,渤海期货,325,114,方正中期,677,-83,宏源期货,787,20
392,AP103,2021-01-29,4,东证期货,323,-210,国投安信期货,654,-1,东证期货,744,-133
393,AP103,2021-01-29,5,方正中期,262,70,长江期货,602,-35,徽商期货,645,41
394,AP103,2021-01-29,6,徽商期货,260,-19,弘业期货,593,-10,国投安信期货,539,2
395,AP103,2021-01-29,7,华安期货,245,-140,银河期货,526,-12,国元期货,522,5
396,AP103,2021-01-29,8,东吴期货,240,-128,华泰期货,521,7,浙商期货,438,17
397,AP103,2021-01-29,9,中州期货,212,183,国元期货,491,-2,银河期货,435,-13
398,AP103,2021-01-29,10,东海期货,162,68,鲁证期货,457,-3,方正中期,424,-53
399,AP103,2021-01-29,11,东方财富,152,-90,广州期货,369,-1,国贸期货,392,-9
400,AP103,2021-01-29,12,银河期货,135,-398,新纪元期货,352,-4,国富期货,383,-17
401,AP103,2021-01-29,13,一德期货,135,102,东方财富,345,-25,南华期货,375,34
402,AP103,2021-01-29,14,浙商期货,130,-597,一德期货,334,-33,中辉期货,350,-17
403,AP103,2021-01-29,15,招金期货,118,-104,徽商期货,320,71,华泰期货,346,7
404,AP103,2021-01-29,16,国泰君安,117,-199,中大期货,318,-12,广发期货,330,8
405,AP103,2021-01-29,17,宏源期货,113,-2,国泰君安,312,-7,鲁证期货,326,-25
406,AP103,2021-01-29,18,浙江新世纪,112,44,中州期货,291,-97,混沌天成期货,317,10
407,AP103,2021-01-29,19,中信期货,111,-19,宏源期货,290,-51,创元期货,314,-6
408,AP103,2021-01-29,20,长安期货,110,58,东吴期货,280,-58,华安期货,312,-110
409,AP105,2021-01-29,1,海通期货,41943,-28047,中信期货,12264,-1235,华泰期货,14722,-2196
410,AP105,2021-01-29,2,中信期货,16175,-13867,国泰君安,10881,-525,鲁证期货,12767,-274
411,AP105,2021-01-29,3,徽商期货,15776,-19294,徽商期货,10719,212,永安期货,12525,166
412,AP105,2021-01-29,4,华泰期货,15434,-15617,华泰期货,10087,-1774,中信期货,12345,-906
413,AP105,2021-01-29,5,东吴期货,15373,-22268,方正中期,9575,-355,宏源期货,11501,-434
414,AP105,2021-01-29,6,国泰君安,14752,-11351,永安期货,8875,93,海证期货,10561,46
415,AP105,2021-01-29,7,光大期货,14207,-11516,银河期货,8008,-1432,方正中期,9597,-673
416,AP105,2021-01-29,8,华闻期货,12011,-8223,光大期货,7658,-2720,东证期货,9510,-1153
417,AP105,2021-01-29,9,东证期货,10426,-9101,东方财富,7053,-365,华闻期货,8973,-810
418,AP105,2021-01-29,10,华安期货,10331,-11903,中大期货,6883,-241,银河期货,8519,-1824
419,AP105,2021-01-29,11,东方财富,9409,-9634,申银万国,6400,-409,海通期货,8213,-324
420,AP105,2021-01-29,12,方正中期,9228,-14639,长江期货,6067,94,国泰君安,8028,-1761
421,AP105,2021-01-29,13,银河期货,9016,-9112,华安期货,6033,-266,徽商期货,7183,-752
422,AP105,2021-01-29,14,国富期货,8067,-3476,广发期货,5965,-111,一德期货,6870,369
423,AP105,2021-01-29,15,宏源期货,7967,-11175,南华期货,5913,137,光大期货,6723,-2419
424,AP105,2021-01-29,16,招金期货,7861,-1801,鲁证期货,5897,-387,华安期货,6062,93
425,AP105,2021-01-29,17,申银万国,6717,-6636,海通期货,5764,-723,招金期货,5816,-434
426,AP105,2021-01-29,18,永安期货,6311,-8445,国信期货,5532,-751,瑞达期货,5684,-405
427,AP105,2021-01-29,19,中辉期货,6301,-7825,浙商期货,5430,-412,申银万国,5274,-42
428,AP105,2021-01-29,20,东航期货,6159,-2947,东证期货,5291,-1509,国富期货,5009,-1066
429,AP110,2021-01-29,1,海通期货,6861,-6006,华安期货,2845,-176,海证期货,8096,107
430,AP110,2021-01-29,2,徽商期货,1527,-848,永安期货,2800,42,方正中期,4465,-24
431,AP110,2021-01-29,3,东证期货,1470,-877,申银万国,2787,88,永安期货,4322,-35
432,AP110,2021-01-29,4,天风期货,1225,670,信达期货,2702,-5,一德期货,4209,-9
433,AP110,2021-01-29,5,华金期货,1191,986,国泰君安,2702,-23,鲁证期货,3915,-62
434,AP110,2021-01-29,6,国富期货,1104,-13,中大期货,2362,53,华安期货,2444,23
435,AP110,2021-01-29,7,中信期货,1032,-422,华泰期货,2016,33,中辉期货,2370,-19
436,AP110,2021-01-29,8,华安期货,1019,-912,徽商期货,1988,-45,华闻期货,2036,89
437,AP110,2021-01-29,9,新湖期货,979,-916,银河期货,1918,-39,中信建投,2021,13
438,AP110,2021-01-29,10,华泰期货,974,-479,海通期货,1832,-330,宏源期货,2000,23
439,AP110,2021-01-29,11,金鹏期货,929,718,中信期货,1797,-274,徽商期货,1913,-14
440,AP110,2021-01-29,12,申银万国,907,213,方正中期,1788,26,申银万国,1712,1
441,AP110,2021-01-29,13,永安期货,813,-340,弘业期货,1615,-48,招金期货,1625,-140
442,AP110,2021-01-29,14,光大期货,805,-549,光大期货,1553,32,华金期货,1511,1070
443,AP110,2021-01-29,15,华西期货,553,-224,鲁证期货,1545,42,金鹏期货,1445,855
444,AP110,2021-01-29,16,广发期货,538,232,先锋期货,1484,-18,倍特期货,1438,60
445,AP110,2021-01-29,17,方正中期,530,-1140,浙商期货,1388,19,东证期货,1332,-435
446,AP110,2021-01-29,18,华闻期货,528,-156,国信期货,1380,-69,银河期货,1327,-41
447,AP110,2021-01-29,19,宏源期货,479,-285,宝城期货,1328,-103,国泰君安,1303,4
448,AP110,2021-01-29,20,中辉期货,473,-452,南华期货,1289,1,天风期货,1282,810
449,CF103,2021-01-29,1,海通期货,4623,-210,东证期货,4644,-99,东证期货,2284,-14
450,CF103,2021-01-29,2,广发期货,3381,-631,招商期货,1893,-227,大有期货,2104,551
451,CF103,2021-01-29,3,南华期货,2406,-580,中信建投,1490,268,招商期货,1778,-253
452,CF103,2021-01-29,4,东证期货,2357,-2497,长江期货,843,0,华融融达期货,1025,0
453,CF103,2021-01-29,5,银河期货,2319,-1150,华安期货,688,0,华安期货,882,0
454,CF103,2021-01-29,6,中粮期货,2255,-888,银河期货,683,39,长江期货,758,0
455,CF103,2021-01-29,7,中信建投,1878,-648,华融融达期货,554,0,格林大华期货,655,0
456,CF103,2021-01-29,8,弘业期货,1824,-918,南华期货,510,0,南华期货,610,0
457,CF103,2021-01-29,9,冠通期货,1376,880,首创期货,461,-2,银河期货,577,0
458,CF103,2021-01-29,10,国海良时,1320,-178,中粮期货,456,47,冠通期货,500,0
459,CF103,2021-01-29,11,中信期货,1193,-1500,弘业期货,454,5,弘业期货,454,5
460,CF103,2021-01-29,12,招商期货,1188,252,海通期货,338,-28,中原期货,442,0
461,CF103,2021-01-29,13,中辉期货,946,210,金瑞期货,222,-8,中信期货,422,-476
462,CF103,2021-01-29,14,永安期货,779,-489,浙商期货,214,-4,中粮期货,404,-4
463,CF103,2021-01-29,15,宏源期货,776,-207,光大期货,187,69,海通期货,324,9
464,CF103,2021-01-29,16,国投安信期货,754,-405,中信期货,159,-147,鲁证期货,306,40
465,CF103,2021-01-29,17,华金期货,724,724,永安期货,148,-332,永安期货,254,-315
466,CF103,2021-01-29,18,国信期货,698,461,国信期货,139,-40,国元期货,246,0
467,CF103,2021-01-29,19,浙商期货,658,-99,中金期货,125,-325,国投安信期货,141,-319
468,CF103,2021-01-29,20,中金期货,650,200,国投安信期货,103,-335,宏源期货,130,104
469,CF105,2021-01-29,1,东证期货,77396,8524,永安期货,39948,2587,中信期货,49586,-2531
470,CF105,2021-01-29,2,中信期货,39007,90,东证期货,37153,-1519,国投安信期货,44140,-2116
471,CF105,2021-01-29,3,海通期货,37026,4680,银河期货,32323,271,东证期货,41417,505
472,CF105,2021-01-29,4,华西期货,28607,-1079,中信期货,21660,-878,长江期货,30834,-1851
473,CF105,2021-01-29,5,光大期货,25858,4853,国投安信期货,17066,737,华融融达期货,28630,-1240
474,CF105,2021-01-29,6,华泰期货,24348,-3525,中粮期货,17050,2501,中国国际,26934,18
475,CF105,2021-01-29,7,国泰君安,20518,-3671,长江期货,16427,351,永安期货,23371,162
476,CF105,2021-01-29,8,银河期货,20469,8819,海通期货,16095,-4954,国泰君安,22498,1183
477,CF105,2021-01-29,9,中辉期货,17439,10258,华泰期货,15567,1654,中粮期货,20283,-573
478,CF105,2021-01-29,10,永安期货,15009,2225,国泰君安,13788,-615,新湖期货,20250,-108
479,CF105,2021-01-29,11,东吴期货,13402,3052,南华期货,13091,1719,银河期货,16888,1776
480,CF105,2021-01-29,12,广发期货,12918,3680,申银万国,12620,-56,国贸期货,15272,-606
481,CF105,2021-01-29,13,中粮期货,12864,2321,五矿经易期货,11230,270,华泰期货,11099,718
482,CF105,2021-01-29,14,浙商期货,12814,2975,华融融达期货,10557,1498,瑞达期货,8936,-21
483,CF105,2021-01-29,15,宏源期货,10735,2177,浙商期货,9331,2773,信达期货,7436,-660
484,CF105,2021-01-29,16,徽商期货,8341,2326,弘业期货,7479,23,海通期货,6929,442
485,CF105,2021-01-29,17,申银万国,8160,-440,兴证期货,7195,583,兴证期货,5830,405
486,CF105,2021-01-29,18,海证期货,8151,3517,一德期货,7111,-155,上海中期,5142,281
487,CF105,2021-01-29,19,方正中期,7483,-2635,平安期货,6874,-1172,中信建投,4614,17
488,CF105,2021-01-29,20,鲁证期货,7298,1936,新湖期货,6423,193,国海良时,4526,1859
489,CF109,2021-01-29,1,东证期货,10544,1524,长江期货,11560,72,中粮期货,8181,33
490,CF109,2021-01-29,2,中辉期货,10034,7460,中辉期货,4480,208,中国国际,7074,26
491,CF109,2021-01-29,3,国泰君安,4623,2104,海通期货,4376,-6,华融融达期货,6271,-5
492,CF109,2021-01-29,4,海通期货,3131,354,中信期货,4197,-27,中信期货,5397,111
493,CF109,2021-01-29,5,中信期货,2556,-1830,华泰期货,4075,224,银河期货,4828,-660
494,CF109,2021-01-29,6,海证期货,2393,1020,东证期货,3745,55,信达期货,4046,-1
495,CF109,2021-01-29,7,平安期货,2004,1788,银河期货,3345,103,永安期货,3759,13
496,CF109,2021-01-29,8,首创期货,1958,324,金石期货,2726,63,首创期货,2846,-78
497,CF109,2021-01-29,9,中国国际,1585,1324,永安期货,2481,114,广发期货,2844,-1
498,CF109,2021-01-29,10,宏源期货,1582,-641,华融融达期货,2348,8,国泰君安,2762,-282
499,CF109,2021-01-29,11,华安期货,1563,-299,广发期货,2344,-5,广州期货,2509,0
500,CF109,2021-01-29,12,华泰期货,1545,163,首创期货,1582,-84,国投安信期货,2356,360
501,CF109,2021-01-29,13,华金期货,1294,674,鲁证期货,1373,47,鲁证期货,2180,9
502,CF109,2021-01-29,14,银河期货,1223,285,中粮期货,1338,132,华泰期货,1793,299
503,CF109,2021-01-29,15,东吴期货,1092,441,中国国际,1293,-1285,东证期货,1765,171
504,CF109,2021-01-29,16,新湖期货,1057,-127,方正中期,1290,276,国海良时,1471,203
505,CF109,2021-01-29,17,国投安信期货,990,-13,先锋期货,1245,37,天风期货,1452,-3
506,CF109,2021-01-29,18,光大期货,950,133,申银万国,1119,94,海通期货,1298,19
507,CF109,2021-01-29,19,国富期货,694,454,大地期货,1107,23,新湖期货,1284,-6
508,CF109,2021-01-29,20,中信建投,687,241,中原期货,1088,62,大有期货,1002,1
509,CJ103,2021-01-29,1,银河期货,42,40,永安期货,153,0,永安期货,130,6
510,CJ103,2021-01-29,2,国泰君安,38,37,国泰君安,83,14,中粮期货,100,0
511,CJ103,2021-01-29,3,东兴期货,10,10,迈科期货,64,3,一德期货,96,0
512,CJ103,2021-01-29,4,永安期货,6,3,中州期货,41,1,江西瑞奇,23,0
513,CJ103,2021-01-29,5,方正中期,5,1,海通期货,14,2,兴业期货,15,0
514,CJ103,2021-01-29,6,华安期货,5,5,国投安信期货,10,0,天风期货,15,0
515,CJ103,2021-01-29,7,浙商期货,4,3,东兴期货,10,10,宏源期货,15,0
516,CJ103,2021-01-29,8,长江期货,3,3,安粮期货,8,0,华鑫期货,12,0
517,CJ103,2021-01-29,9,迈科期货,3,3,长安期货,7,1,长江期货,8,-3
518,CJ103,2021-01-29,10,福能期货,2,1,国信期货,6,0,安粮期货,5,0
519,CJ103,2021-01-29,11,海通期货,2,2,浙商期货,6,4,申银万国,3,0
520,CJ103,2021-01-29,12,长安期货,1,0,大越期货,6,0,东航期货,2,0
521,CJ103,2021-01-29,13,中州期货,1,1,方正中期,5,5,和融期货,2,0
522,CJ103,2021-01-29,14,-,-,-,华安期货,5,5,宝城期货,1,0
523,CJ103,2021-01-29,15,-,-,-,兴证期货,4,0,建信期货,1,0
524,CJ103,2021-01-29,16,-,-,-,东航期货,2,0,-,-,-
525,CJ103,2021-01-29,17,-,-,-,宏源期货,2,0,-,-,-
526,CJ103,2021-01-29,18,-,-,-,平安期货,2,0,-,-,-
527,CJ105,2021-01-29,1,海通期货,3813,933,华泰期货,1738,39,永安期货,2454,-159
528,CJ105,2021-01-29,2,东证期货,3455,1734,徽商期货,1265,85,五矿经易期货,1688,-40
529,CJ105,2021-01-29,3,国泰君安,1347,354,中信期货,1087,-25,中信期货,1052,-129
530,CJ105,2021-01-29,4,中信期货,1344,-392,东航期货,1064,-14,华泰期货,915,-140
531,CJ105,2021-01-29,5,新湖期货,1312,49,一德期货,990,11,鲁证期货,836,-155
532,CJ105,2021-01-29,6,五矿经易期货,1171,335,中辉期货,909,-59,中财期货,815,1
533,CJ105,2021-01-29,7,永安期货,888,404,南华期货,709,-185,银河期货,733,-36
534,CJ105,2021-01-29,8,华安期货,859,-29,国泰君安,698,-67,国泰君安,691,-28
535,CJ105,2021-01-29,9,华泰期货,839,246,信达期货,669,-17,江西瑞奇,613,200
536,CJ105,2021-01-29,10,鲁证期货,697,321,宏源期货,661,-25,东方汇金期货,554,3
537,CJ105,2021-01-29,11,徽商期货,681,-404,国元期货,543,7,华闻期货,523,-27
538,CJ105,2021-01-29,12,华闻期货,600,203,鲁证期货,542,80,长安期货,495,1
539,CJ105,2021-01-29,13,中辉期货,577,-32,方正中期,438,-55,新湖期货,479,18
540,CJ105,2021-01-29,14,江西瑞奇,547,81,华安期货,423,-129,海证期货,463,-20
541,CJ105,2021-01-29,15,宏源期货,484,294,金鹏期货,410,-1,宏源期货,449,-13
542,CJ105,2021-01-29,16,光大期货,472,132,瑞达期货,407,16,南华期货,448,40
543,CJ105,2021-01-29,17,申银万国,454,201,先锋期货,381,-18,浙商期货,447,6
544,CJ105,2021-01-29,18,方正中期,431,96,中信建投,380,-18,中大期货,436,-1
545,CJ105,2021-01-29,19,中原期货,408,341,海通期货,374,64,国投安信期货,433,-3
546,CJ105,2021-01-29,20,国贸期货,389,-16,东证期货,297,-150,光大期货,374,-21
547,FG102,2021-01-29,1,永安期货,12,-26,永安期货,50,0,永安期货,50,12
548,FG102,2021-01-29,2,方正中期,5,5,-,-,-,-,-,-
549,FG102,2021-01-29,3,徽商期货,4,3,-,-,-,-,-,-
550,FG102,2021-01-29,4,东方财富,2,2,-,-,-,-,-,-
551,FG102,2021-01-29,5,光大期货,1,1,-,-,-,-,-,-
552,FG102,2021-01-29,6,中信建投,1,1,-,-,-,-,-,-
553,FG102,2021-01-29,7,广发期货,1,0,-,-,-,-,-,-
554,FG102,2021-01-29,8,南华期货,1,0,-,-,-,-,-,-
555,FG102,2021-01-29,9,平安期货,1,0,-,-,-,-,-,-
556,FG104,2021-01-29,1,广发期货,8297,-1021,五矿经易期货,3525,172,五矿经易期货,3527,172
557,FG104,2021-01-29,2,中信期货,3871,172,弘业期货,1733,218,永安期货,1559,97
558,FG104,2021-01-29,3,国元期货,2040,35,方正中期,984,-199,方正中期,777,12
559,FG104,2021-01-29,4,弘业期货,1450,-551,冠通期货,700,0,冠通期货,710,0
560,FG104,2021-01-29,5,大有期货,1196,-290,永安期货,628,97,瑞达期货,503,0
561,FG104,2021-01-29,6,中粮期货,1090,-330,中信期货,620,206,国元期货,469,390
562,FG104,2021-01-29,7,东证期货,1064,-377,浙商期货,513,8,弘业期货,462,-2
563,FG104,2021-01-29,8,方正中期,1013,129,大有期货,400,0,大有期货,433,0
564,FG104,2021-01-29,9,五矿经易期货,940,218,东证期货,341,5,中信期货,419,5
565,FG104,2021-01-29,10,申银万国,772,-148,申银万国,312,-5,东证期货,403,-7
566,FG104,2021-01-29,11,永安期货,568,-177,国投安信期货,304,0,徽商期货,354,-7
567,FG104,2021-01-29,12,浙商期货,515,-627,兴证期货,302,0,申银万国,321,-13
568,FG104,2021-01-29,13,银河期货,344,-380,广发期货,225,121,中辉期货,311,9
569,FG104,2021-01-29,14,海通期货,262,-167,广州金控,201,0,广发期货,233,10
570,FG104,2021-01-29,15,上海大陆,244,-88,天风期货,200,0,财信期货,176,-11
571,FG104,2021-01-29,16,华西期货,225,-70,国泰君安,172,0,光大期货,105,0
572,FG104,2021-01-29,17,海证期货,208,-271,东兴期货,90,0,浙商期货,66,5
573,FG104,2021-01-29,18,华闻期货,194,-77,中粮期货,67,0,银河期货,60,-5
574,FG104,2021-01-29,19,华安期货,179,148,大越期货,51,1,国海良时,57,-4
575,FG104,2021-01-29,20,徽商期货,119,-117,华联期货,50,0,东航期货,51,0
576,FG105,2021-01-29,1,国富期货,179522,-51352,中信期货,69496,1227,方正中期,25341,2216
577,FG105,2021-01-29,2,中信期货,130680,14002,国泰君安,43588,2833,国投安信期货,17858,24
578,FG105,2021-01-29,3,海通期货,108901,-2263,永安期货,30067,-1914,中信期货,16717,-567
579,FG105,2021-01-29,4,东证期货,65278,428,银河期货,21571,-1195,国泰君安,16551,-514
580,FG105,2021-01-29,5,光大期货,59076,-3930,宝城期货,13442,-52,华泰期货,15827,-5891
581,FG105,2021-01-29,6,徽商期货,48444,854,海通期货,12971,-669,中辉期货,14248,-541
582,FG105,2021-01-29,7,新湖期货,44892,-11221,浙商期货,11127,181,永安期货,14138,303
583,FG105,2021-01-29,8,冠通期货,43961,-31893,广发期货,9846,577,浙商期货,13084,115
584,FG105,2021-01-29,9,中信建投,36346,-16958,方正中期,9496,-86,东证期货,12447,-5163
585,FG105,2021-01-29,10,国泰君安,36315,-7880,东证期货,8580,-3229,平安期货,11756,1121
586,FG105,2021-01-29,11,方正中期,35590,-15208,招商期货,7135,713,徽商期货,11114,-2446
587,FG105,2021-01-29,12,华安期货,34367,-480,南华期货,6921,-717,申银万国,10847,3886
588,FG105,2021-01-29,13,申银万国,32358,-563,瑞达期货,6808,-1542,华安期货,10671,-508
589,FG105,2021-01-29,14,华泰期货,32087,-8008,徽商期货,6560,-396,海通期货,10347,-66
590,FG105,2021-01-29,15,永安期货,25837,-10543,五矿经易期货,6526,-779,中信建投,10318,4206
591,FG105,2021-01-29,16,银河期货,25245,456,国信期货,6463,604,弘业期货,9151,468
592,FG105,2021-01-29,17,广发期货,23519,-6076,中辉期货,6427,83,银河期货,8589,-1964
593,FG105,2021-01-29,18,华西期货,22134,-23111,国富期货,6159,-1278,东航期货,8201,41
594,FG105,2021-01-29,19,东吴期货,21776,-10341,华泰期货,6103,-1384,宏源期货,7399,253
595,FG105,2021-01-29,20,东海期货,18424,15577,国投安信期货,5784,570,广发期货,7395,220
596,FG109,2021-01-29,1,华泰期货,4938,-8,中信期货,5709,-66,国泰君安,8069,-510
597,FG109,2021-01-29,2,中信期货,3945,-2,宝城期货,4993,50,永安期货,5172,742
598,FG109,2021-01-29,3,美尔雅,2803,1870,徽商期货,4380,-60,徽商期货,4759,-64
599,FG109,2021-01-29,4,东证期货,2385,-400,方正中期,4036,-309,五矿经易期货,3463,-28
600,FG109,2021-01-29,5,海通期货,2284,881,东吴期货,3785,-118,东吴期货,3444,97
601,FG109,2021-01-29,6,国富期货,1838,1328,永安期货,2763,-12,中信期货,2994,5
602,FG109,2021-01-29,7,广发期货,1749,383,南华期货,2728,11,中辉期货,2953,-59
603,FG109,2021-01-29,8,国泰君安,1736,-17,国盛期货,2700,0,新湖期货,2162,66
604,FG109,2021-01-29,9,华安期货,1670,-714,美尔雅,2400,-763,中信建投,1993,50
605,FG109,2021-01-29,10,银河期货,1488,586,中辉期货,2350,-21,东航期货,1899,-45
606,FG109,2021-01-29,11,徽商期货,1336,-5,新湖期货,1980,7,一德期货,1548,-5
607,FG109,2021-01-29,12,方正中期,1298,-228,中粮期货,1940,1,华安期货,1518,-19
608,FG109,2021-01-29,13,鲁证期货,1263,579,国投安信期货,1731,-20,瑞达期货,1299,-34
609,FG109,2021-01-29,14,光大期货,1230,181,国富期货,1538,-616,方正中期,1222,-57
610,FG109,2021-01-29,15,华融融达期货,1210,961,中信建投,1469,-11,弘业期货,1193,-2
611,FG109,2021-01-29,16,长江期货,1184,15,东航期货,1407,-11,首创期货,1188,-8
612,FG109,2021-01-29,17,东吴期货,1177,-385,华安期货,1370,-23,海通期货,1061,-18
613,FG109,2021-01-29,18,永安期货,1102,350,弘业期货,1157,99,银河期货,952,-337
614,FG109,2021-01-29,19,华西期货,944,-172,广发期货,1155,-225,宏源期货,863,181
615,FG109,2021-01-29,20,宏源期货,876,-110,首创期货,1132,-16,广发期货,744,184
616,MA102,2021-01-29,1,国泰君安,109,9,五矿经易期货,528,0,华泰期货,895,-4
617,MA102,2021-01-29,2,永安期货,57,-178,信达期货,523,-1,永安期货,643,-57
618,MA102,2021-01-29,3,宏源期货,53,10,华泰期货,479,-2,五矿经易期货,539,0
619,MA102,2021-01-29,4,宝城期货,48,-70,国泰君安,301,94,宝城期货,23,0
620,MA102,2021-01-29,5,平安期货,44,-28,中财期货,100,0,一德期货,13,0
621,MA102,2021-01-29,6,徽商期货,22,-21,宝城期货,93,-48,-,-,-
622,MA102,2021-01-29,7,东吴期货,19,19,新湖期货,50,0,-,-,-
623,MA102,2021-01-29,8,江苏东华,18,16,建信期货,30,-2,-,-,-
624,MA102,2021-01-29,9,华泰期货,6,3,徽商期货,9,-17,-,-,-
625,MA102,2021-01-29,10,华安期货,6,6,-,-,-,-,-,-
626,MA102,2021-01-29,11,鲁证期货,5,-1,-,-,-,-,-,-
627,MA102,2021-01-29,12,华西期货,4,4,-,-,-,-,-,-
628,MA102,2021-01-29,13,申银万国,4,2,-,-,-,-,-,-
629,MA102,2021-01-29,14,银河期货,2,1,-,-,-,-,-,-
630,MA102,2021-01-29,15,天鸿期货,2,0,-,-,-,-,-,-
631,MA102,2021-01-29,16,迈科期货,2,2,-,-,-,-,-,-
632,MA102,2021-01-29,17,安粮期货,2,-2,-,-,-,-,-,-
633,MA102,2021-01-29,18,天风期货,2,-64,-,-,-,-,-,-
634,MA102,2021-01-29,19,国富期货,2,2,-,-,-,-,-,-
635,MA102,2021-01-29,20,广发期货,2,2,-,-,-,-,-,-
636,MA103,2021-01-29,1,东证期货,24694,1602,东证期货,6987,-1347,永安期货,7925,-72
637,MA103,2021-01-29,2,中信期货,5923,1781,永安期货,3743,-168,东证期货,4855,-1369
638,MA103,2021-01-29,3,东海期货,4827,2734,华泰期货,3276,319,瑞达期货,4190,-315
639,MA103,2021-01-29,4,华泰期货,4287,1809,华安期货,3273,-163,中粮期货,3346,-718
640,MA103,2021-01-29,5,中粮期货,3891,736,恒泰期货,3011,0,恒泰期货,3010,0
641,MA103,2021-01-29,6,光大期货,3566,-138,中信期货,2125,-1543,华泰期货,2909,1306
642,MA103,2021-01-29,7,申银万国,3291,885,信达期货,1891,4,华安期货,2353,-67
643,MA103,2021-01-29,8,永安期货,2966,-543,浙商期货,1847,-167,国投安信期货,1598,-1346
644,MA103,2021-01-29,9,华西期货,2831,426,银河期货,1817,349,东海期货,1399,-462
645,MA103,2021-01-29,10,浙商期货,2729,630,东海期货,1539,-837,建信期货,1070,169
646,MA103,2021-01-29,11,鲁证期货,2503,1055,兴业期货,1338,238,银河期货,1043,-64
647,MA103,2021-01-29,12,方正中期,2364,-50,国泰君安,1239,-21,国泰君安,953,61
648,MA103,2021-01-29,13,大地期货,2219,1096,广州期货,890,-89,鲁证期货,873,-513
649,MA103,2021-01-29,14,大有期货,2109,457,瑞达期货,860,-414,中信期货,593,-166
650,MA103,2021-01-29,15,国信期货,1997,480,海证期货,779,538,中财期货,532,141
651,MA103,2021-01-29,16,首创期货,1786,138,鲁证期货,711,210,宏源期货,510,-285
652,MA103,2021-01-29,17,国投安信期货,1711,970,申银万国,671,-35,首创期货,503,9
653,MA103,2021-01-29,18,恒泰期货,1614,-167,中财期货,634,-185,申银万国,483,-380
654,MA103,2021-01-29,19,五矿经易期货,1481,-17,一德期货,614,-22,广州金控,467,201
655,MA103,2021-01-29,20,锦泰期货,1426,642,海通期货,542,-64,中州期货,419,407
656,MA104,2021-01-29,1,东证期货,4618,2453,五矿经易期货,3517,102,五矿经易期货,3517,102
657,MA104,2021-01-29,2,华闻期货,3249,836,中信期货,1515,559,中信期货,1833,596
658,MA104,2021-01-29,3,中粮期货,2997,651,东海期货,1482,640,东证期货,1436,478
659,MA104,2021-01-29,4,恒泰期货,2964,388,东证期货,1419,476,光大期货,685,-329
660,MA104,2021-01-29,5,锦泰期货,2116,348,光大期货,678,-328,银河期货,630,24
661,MA104,2021-01-29,6,国信期货,1972,719,方正中期,602,-13,华闻期货,617,375
662,MA104,2021-01-29,7,大有期货,1822,-2,华闻期货,600,358,方正中期,600,0
663,MA104,2021-01-29,8,中信期货,1821,347,中衍期货,594,0,中衍期货,594,0
664,MA104,2021-01-29,9,大地期货,1784,96,恒泰期货,508,-5,恒泰期货,508,-5
665,MA104,2021-01-29,10,五矿经易期货,1688,1234,瑞达期货,404,4,瑞达期货,471,-10
666,MA104,2021-01-29,11,申银万国,1619,627,大有期货,363,3,申银万国,440,303
667,MA104,2021-01-29,12,浙商期货,1547,955,中辉期货,356,-53,大有期货,390,-1
668,MA104,2021-01-29,13,光大期货,1541,284,申银万国,344,310,东海期货,316,-256
669,MA104,2021-01-29,14,方正中期,1285,682,国信期货,300,287,国信期货,300,273
670,MA104,2021-01-29,15,东海期货,1182,160,大地期货,244,-14,锦泰期货,260,-120
671,MA104,2021-01-29,16,鲁证期货,1039,508,华西期货,218,16,华西期货,253,17
672,MA104,2021-01-29,17,瑞达期货,972,444,一德期货,200,0,大地期货,229,-14
673,MA104,2021-01-29,18,中信建投,440,351,锦泰期货,181,-230,招商期货,212,175
674,MA104,2021-01-29,19,华西期货,423,169,银河期货,101,-15,华泰期货,195,-1
675,MA104,2021-01-29,20,银河期货,387,186,中信建投,56,-376,鲁证期货,121,1
676,MA105,2021-01-29,1,东证期货,343343,99262,东证期货,89379,-6636,中信期货,90903,17151
677,MA105,2021-01-29,2,华闻期货,130966,42054,中信期货,61318,31254,东证期货,76463,-28275
678,MA105,2021-01-29,3,中信期货,124705,49061,光大期货,35260,13412,永安期货,68502,-2069
679,MA105,2021-01-29,4,冠通期货,124149,21942,华闻期货,34836,3157,光大期货,36085,15028
680,MA105,2021-01-29,5,东吴期货,124120,23848,冠通期货,33048,-5534,国泰君安,35027,-10103
681,MA105,2021-01-29,6,光大期货,97204,28090,东吴期货,32872,-2447,华泰期货,33870,-6209
682,MA105,2021-01-29,7,华泰期货,83721,22291,东海期货,31101,2805,华闻期货,32861,2923
683,MA105,2021-01-29,8,瑞达期货,70948,10741,永安期货,27954,-1414,东海期货,31389,2079
684,MA105,2021-01-29,9,东海期货,68862,22635,中辉期货,25770,646,东吴期货,31243,-1013
685,MA105,2021-01-29,10,徽商期货,64110,14809,华泰期货,25497,1970,冠通期货,26638,-6751
686,MA105,2021-01-29,11,中辉期货,63906,10594,中信建投,19827,-1017,申银万国,23396,1691
687,MA105,2021-01-29,12,国富期货,62735,12657,新湖期货,19497,98,中辉期货,21951,-570
688,MA105,2021-01-29,13,永安期货,60667,32659,徽商期货,18901,-2858,广发期货,19351,-656
689,MA105,2021-01-29,14,国泰君安,59776,22165,广发期货,18667,-1328,国富期货,18530,-477
690,MA105,2021-01-29,15,长安期货,58284,9501,国泰君安,18283,-6637,中粮期货,17585,-4591
691,MA105,2021-01-29,16,海通期货,51045,11165,海通期货,18017,2479,安粮期货,15330,-818
692,MA105,2021-01-29,17,山西三立,48454,10836,安粮期货,17084,-1775,中信建投,15184,-1532
693,MA105,2021-01-29,18,河北恒银,48436,1293,国富期货,16518,1268,瑞达期货,14257,-9574
694,MA105,2021-01-29,19,迈科期货,40943,12955,兴业期货,15495,1042,海通期货,14082,-5890
695,MA105,2021-01-29,20,华安期货,39158,7045,弘业期货,13531,72,徽商期货,12968,-124
696,MA107,2021-01-29,1,徽商期货,82,54,银河期货,209,-1,银河期货,199,0
697,MA107,2021-01-29,2,广州金控,62,49,徽商期货,99,71,广州金控,142,62
698,MA107,2021-01-29,3,江苏东华,10,10,迈科期货,11,-3,徽商期货,11,11
699,MA107,2021-01-29,4,方正中期,10,9,华西期货,10,0,宏源期货,5,5
700,MA107,2021-01-29,5,宏源期货,7,-1,江苏东华,10,10,永安期货,3,0
701,MA107,2021-01-29,6,迈科期货,3,-3,上海中期,7,1,东方财富,2,0
702,MA107,2021-01-29,7,创元期货,2,-1,广州期货,5,-1,渤海期货,1,0
703,MA107,2021-01-29,8,银河期货,1,0,申银万国,3,0,中辉期货,1,0
704,MA107,2021-01-29,9,鲁证期货,1,1,中粮期货,2,1,-,-,-
705,MA107,2021-01-29,10,中粮期货,1,1,西南期货,2,0,-,-,-
706,MA107,2021-01-29,11,上海中期,1,1,大有期货,2,0,-,-,-
707,MA107,2021-01-29,12,东吴期货,1,1,中辉期货,2,0,-,-,-
708,MA107,2021-01-29,13,广州期货,1,-1,鲁证期货,1,1,-,-,-
709,MA107,2021-01-29,14,-,-,-,创元期货,1,0,-,-,-
710,MA108,2021-01-29,1,徽商期货,9,1,光大期货,3000,0,光大期货,3000,0
711,MA108,2021-01-29,2,东吴期货,4,3,中天期货,630,0,中天期货,630,0
712,MA108,2021-01-29,3,迈科期货,3,0,东证期货,6,0,徽商期货,17,9
713,MA108,2021-01-29,4,浙商期货,2,1,银河期货,5,0,迈科期货,6,-3
714,MA108,2021-01-29,5,安粮期货,2,0,恒泰期货,5,0,西南期货,3,0
715,MA108,2021-01-29,6,上海中期,2,-2,东吴期货,3,3,广州期货,3,0
716,MA108,2021-01-29,7,方正中期,1,-1,招商期货,2,0,瑞达期货,2,0
717,MA108,2021-01-29,8,宏源期货,1,1,广发期货,2,0,银河期货,1,0
718,MA108,2021-01-29,9,-,-,-,上海中期,2,2,中原期货,1,0
719,MA108,2021-01-29,10,-,-,-,永安期货,2,0,创元期货,1,0
720,MA108,2021-01-29,11,-,-,-,方正中期,1,1,-,-,-
721,MA108,2021-01-29,12,-,-,-,创元期货,1,0,-,-,-
722,MA108,2021-01-29,13,-,-,-,信达期货,1,0,-,-,-
723,MA108,2021-01-29,14,-,-,-,国富期货,1,0,-,-,-
724,MA108,2021-01-29,15,-,-,-,宏源期货,1,1,-,-,-
725,MA108,2021-01-29,16,-,-,-,首创期货,1,0,-,-,-
726,MA108,2021-01-29,17,-,-,-,平安期货,1,0,-,-,-
727,MA109,2021-01-29,1,东证期货,6445,2780,东吴期货,11538,302,东吴期货,11456,-148
728,MA109,2021-01-29,2,申银万国,6092,5885,中信期货,7999,2169,中信期货,8624,2371
729,MA109,2021-01-29,3,中信期货,5678,4527,徽商期货,5109,46,新湖期货,6145,49
730,MA109,2021-01-29,4,东吴期货,4524,-8876,中信建投,4155,-82,申银万国,5848,5712
731,MA109,2021-01-29,5,国泰君安,4000,1855,华泰期货,3595,683,一德期货,5575,227
732,MA109,2021-01-29,6,东海期货,3876,-118,东航期货,3440,-24,首创期货,4314,14
733,MA109,2021-01-29,7,一德期货,2765,1813,东海期货,3288,909,徽商期货,4233,-32
734,MA109,2021-01-29,8,华泰期货,2762,826,华安期货,3197,399,中信建投,3677,-78
735,MA109,2021-01-29,9,中财期货,2711,1569,东证期货,3174,712,东航期货,3103,-48
736,MA109,2021-01-29,10,海通期货,2126,1842,永安期货,2754,575,国泰君安,2820,1401
737,MA109,2021-01-29,11,永安期货,1997,1418,瑞达期货,2549,-46,华安期货,2783,19
738,MA109,2021-01-29,12,浙商期货,1984,385,国泰君安,2308,147,浙商期货,2712,795
739,MA109,2021-01-29,13,华安期货,1760,548,建信期货,2288,287,东证期货,2482,505
740,MA109,2021-01-29,14,华闻期货,1201,-10,海通期货,2144,1143,永安期货,2282,66
741,MA109,2021-01-29,15,海证期货,1105,765,宝城期货,2081,2,宝城期货,2050,20
742,MA109,2021-01-29,16,徽商期货,1104,-37,山金期货,1722,612,东海期货,2033,147
743,MA109,2021-01-29,17,创元期货,1099,340,平安期货,1683,-174,天风期货,1928,429
744,MA109,2021-01-29,18,天风期货,1055,802,银河期货,1558,160,弘业期货,1927,293
745,MA109,2021-01-29,19,南华期货,1053,556,中财期货,1441,107,银河期货,1711,-202
746,MA109,2021-01-29,20,国元期货,1051,550,国贸期货,1393,2,南华期货,1705,2
747,MA111,2021-01-29,1,宏源期货,3,2,华融融达期货,3500,0,华融融达期货,3500,0
748,MA111,2021-01-29,2,徽商期货,2,2,弘业期货,3000,0,弘业期货,3000,0
749,MA111,2021-01-29,3,新湖期货,2,1,长江期货,1180,0,长江期货,1180,0
750,MA111,2021-01-29,4,一德期货,2,-2,中天期货,450,0,中天期货,450,0
751,MA111,2021-01-29,5,创元期货,1,1,广发期货,33,0,中辉期货,31,0
752,MA111,2021-01-29,6,迈科期货,1,1,国贸期货,9,0,国贸期货,19,0
753,MA111,2021-01-29,7,东吴期货,1,-1,宏源期货,9,-2,一德期货,14,-2
754,MA111,2021-01-29,8,-,-,-,安粮期货,8,0,五矿经易期货,12,0
755,MA111,2021-01-29,9,-,-,-,中财期货,5,0,银河期货,5,0
756,MA111,2021-01-29,10,-,-,-,恒泰期货,5,0,上海东亚,5,0
757,MA111,2021-01-29,11,-,-,-,上海东亚,5,0,迈科期货,3,-1
758,MA111,2021-01-29,12,-,-,-,平安期货,5,0,新湖期货,3,2
759,MA111,2021-01-29,13,-,-,-,银河期货,4,0,恒泰期货,3,0
760,MA111,2021-01-29,14,-,-,-,中粮期货,3,0,申银万国,2,0
761,MA111,2021-01-29,15,-,-,-,方正中期,2,0,东吴期货,1,0
762,MA111,2021-01-29,16,-,-,-,首创期货,2,0,国泰君安,1,0
763,MA111,2021-01-29,17,-,-,-,东方财富,2,0,-,-,-
764,MA111,2021-01-29,18,-,-,-,国元期货,1,0,-,-,-
765,MA111,2021-01-29,19,-,-,-,渤海期货,1,0,-,-,-
766,MA111,2021-01-29,20,-,-,-,创元期货,1,1,-,-,-
767,OI103,2021-01-29,1,东证期货,14236,516,中信建投,1009,37,国投安信期货,902,68
768,OI103,2021-01-29,2,海通期货,10696,2759,国盛期货,862,0,东证期货,786,-154
769,OI103,2021-01-29,3,方正中期,3296,1012,格林大华期货,495,3,格林大华期货,483,3
770,OI103,2021-01-29,4,中粮期货,3216,865,先锋期货,454,-50,中粮期货,466,-110
771,OI103,2021-01-29,5,华泰期货,2802,8,东吴期货,440,-13,国贸期货,391,3
772,OI103,2021-01-29,6,大有期货,2569,-19,国投安信期货,391,-1,中银国际,296,0
773,OI103,2021-01-29,7,浙商期货,2541,1001,中粮期货,390,-22,平安期货,225,1
774,OI103,2021-01-29,8,银河期货,2453,-2860,广州期货,154,0,首创期货,219,0
775,OI103,2021-01-29,9,格林大华期货,2344,97,美尔雅,146,0,中州期货,217,-41
776,OI103,2021-01-29,10,光大期货,2244,435,中信期货,125,-247,银河期货,187,-3
777,OI103,2021-01-29,11,东吴期货,2152,117,永安期货,114,-350,华泰期货,147,-11
778,OI103,2021-01-29,12,中信期货,2062,-629,长安期货,113,113,华安期货,134,-105
779,OI103,2021-01-29,13,宏源期货,1908,571,浙商期货,95,2,徽商期货,106,-25
780,OI103,2021-01-29,14,国元期货,1839,452,银河期货,84,26,招金期货,90,0
781,OI103,2021-01-29,15,永安期货,1701,70,海通期货,74,-29,国元期货,63,-5
782,OI103,2021-01-29,16,广发期货,1486,-877,福能期货,72,0,先锋期货,60,50
783,OI103,2021-01-29,17,五矿经易期货,1412,-654,方正中期,70,-470,中信期货,59,-203
784,OI103,2021-01-29,18,华西期货,648,280,鲁证期货,68,-114,金瑞期货,59,58
785,OI103,2021-01-29,19,徽商期货,648,47,东证期货,67,-12,福能期货,59,0
786,OI103,2021-01-29,20,国富期货,424,43,平安期货,58,0,光大期货,58,-25
787,OI105,2021-01-29,1,海通期货,107884,27330,中信期货,12789,-1469,中粮期货,18396,-174
788,OI105,2021-01-29,2,东证期货,75783,15256,国富期货,10842,362,国投安信期货,16358,-21
789,OI105,2021-01-29,3,光大期货,38288,7337,东证期货,9648,586,摩根大通,10059,-314
790,OI105,2021-01-29,4,中信期货,36167,11050,中粮期货,6614,551,兴证期货,9324,73
791,OI105,2021-01-29,5,华联期货,36005,8302,国泰君安,6202,-1410,安粮期货,8476,-75
792,OI105,2021-01-29,6,华西期货,24403,7451,中信建投,4586,-954,光大期货,6231,-86
793,OI105,2021-01-29,7,新湖期货,16717,3109,西部期货,4389,426,东证期货,5868,1263
794,OI105,2021-01-29,8,华泰期货,15859,4263,申银万国,4309,-3867,中信期货,5723,-138
795,OI105,2021-01-29,9,徽商期货,13809,4011,华泰期货,3679,-980,中信建投,4777,-79
796,OI105,2021-01-29,10,国富期货,11980,4591,海通期货,3623,-823,英大期货,4111,201
797,OI105,2021-01-29,11,国泰君安,11329,-492,永安期货,3116,-37,信达期货,3007,-16
798,OI105,2021-01-29,12,华安期货,11184,2007,中财期货,2903,495,海通期货,2984,-37
799,OI105,2021-01-29,13,宏源期货,11055,4183,摩根大通,2891,-404,华金期货,2285,-140
800,OI105,2021-01-29,14,申银万国,10881,4786,兴证期货,2834,-566,华泰期货,2177,527
801,OI105,2021-01-29,15,银河期货,10838,-734,瑞达期货,2402,-936,广发期货,2085,52
802,OI105,2021-01-29,16,华闻期货,9818,-1221,海证期货,2276,441,瑞达期货,1764,-532
803,OI105,2021-01-29,17,东吴期货,9664,2177,银河期货,2185,-349,弘业期货,1709,-77
804,OI105,2021-01-29,18,兴证期货,8757,1088,招商期货,2134,179,中电投先融,1597,-297
805,OI105,2021-01-29,19,中辉期货,8264,2494,一德期货,2098,596,华安期货,1577,-261
806,OI105,2021-01-29,20,中信建投,8035,159,南华期货,1890,284,方正中期,1490,171
807,OI109,2021-01-29,1,中信期货,2607,2065,建信期货,3987,-400,中粮期货,8940,-14
808,OI109,2021-01-29,2,宏源期货,2107,870,申银万国,3974,3,光大期货,2569,-1
809,OI109,2021-01-29,3,中信建投,788,8,西部期货,3053,3,东证期货,2432,42
810,OI109,2021-01-29,4,东证期货,764,52,国富期货,2762,401,中信期货,1394,1001
811,OI109,2021-01-29,5,上海大陆,705,259,中信建投,1381,4,国投安信期货,1252,-78
812,OI109,2021-01-29,6,东吴期货,660,442,长安期货,1201,0,中信建投,1218,-50
813,OI109,2021-01-29,7,华安期货,549,59,中信期货,1128,994,兴证期货,980,-20
814,OI109,2021-01-29,8,徽商期货,498,176,东证期货,1045,6,安粮期货,935,1
815,OI109,2021-01-29,9,国富期货,484,84,华安期货,807,19,华安期货,793,22
816,OI109,2021-01-29,10,银河期货,478,-534,五矿经易期货,742,-11,东吴期货,741,12
817,OI109,2021-01-29,11,南华期货,436,205,新湖期货,683,-5,新湖期货,740,-3
818,OI109,2021-01-29,12,建信期货,418,400,华闻期货,593,7,先锋期货,639,0
819,OI109,2021-01-29,13,五矿经易期货,399,182,中财期货,585,167,国盛期货,596,-4
820,OI109,2021-01-29,14,海通期货,350,12,宏源期货,580,-3,华闻期货,583,-4
821,OI109,2021-01-29,15,华金期货,344,225,中粮期货,565,5,国联期货,474,10
822,OI109,2021-01-29,16,中大期货,290,118,永安期货,501,8,摩根大通,338,0
823,OI109,2021-01-29,17,广发期货,227,-270,华泰期货,413,3,永安期货,282,26
824,OI109,2021-01-29,18,国泰君安,210,-118,东吴期货,407,-2,美尔雅,245,-7
825,OI109,2021-01-29,19,宝城期货,178,129,海通期货,321,0,大越期货,213,-60
826,OI109,2021-01-29,20,中财期货,177,125,浙商期货,293,27,浙商期货,168,14
827,PF105,2021-01-29,1,中信期货,38744,8707,永安期货,13819,445,天风期货,12519,362
828,PF105,2021-01-29,2,徽商期货,9299,2957,国泰君安,4584,424,永安期货,9534,-194
829,PF105,2021-01-29,3,光大期货,7621,1910,方正中期,3381,-417,中国国际,6196,-21
830,PF105,2021-01-29,4,海通期货,6637,2614,中信期货,3174,157,国贸期货,6069,195
831,PF105,2021-01-29,5,华泰期货,5865,1889,中财期货,2606,157,国泰君安,5133,-248
832,PF105,2021-01-29,6,浙商期货,5845,2488,华泰期货,2418,-154,建信期货,5095,-6
833,PF105,2021-01-29,7,国泰君安,5386,2126,徽商期货,2282,4,银河期货,4109,44
834,PF105,2021-01-29,8,新湖期货,4248,372,弘业期货,2276,395,光大期货,3533,8
835,PF105,2021-01-29,9,弘业期货,4220,1586,平安期货,2208,-36,中信期货,3163,57
836,PF105,2021-01-29,10,华安期货,4204,153,东海期货,2167,473,广发期货,3070,955
837,PF105,2021-01-29,11,中信建投,3842,-2558,银河期货,2113,34,申银万国,2839,397
838,PF105,2021-01-29,12,东证期货,3837,733,中信建投,2039,-646,浙商期货,2598,872
839,PF105,2021-01-29,13,国富期货,3814,1254,鲁证期货,1999,-608,国投安信期货,2296,-1130
840,PF105,2021-01-29,14,华西期货,3781,102,浙商期货,1971,-673,中融汇信,2224,199
841,PF105,2021-01-29,15,永安期货,3765,661,广发期货,1906,184,东吴期货,2194,-20
842,PF105,2021-01-29,16,广发期货,3689,1850,东吴期货,1802,216,中财期货,2007,40
843,PF105,2021-01-29,17,方正中期,3518,1248,国贸期货,1700,153,海通期货,1787,-305
844,PF105,2021-01-29,18,东吴期货,3476,-583,中辉期货,1583,38,中州期货,1664,100
845,PF105,2021-01-29,19,中辉期货,3285,-316,东证期货,1463,17,弘业期货,1121,-667
846,PF105,2021-01-29,20,国投安信期货,3147,1027,光大期货,1434,-687,鲁证期货,1086,-46
847,PM103,2021-01-29,1,-,-,-,华泰期货,3,0,中州期货,4,0
848,PM103,2021-01-29,2,-,-,-,东航期货,1,0,中辉期货,1,0
849,PM103,2021-01-29,3,-,-,-,中州期货,1,0,-,-,-
850,RM103,2021-01-29,1,银河期货,9042,987,华泰期货,1423,176,兴证期货,4253,-2
851,RM103,2021-01-29,2,海通期货,8440,-1306,美尔雅,730,-64,中粮期货,1413,-43
852,RM103,2021-01-29,3,广发期货,6855,-2015,福能期货,587,-57,摩根大通,1050,0
853,RM103,2021-01-29,4,东证期货,6803,144,国富期货,580,494,广发期货,1003,249
854,RM103,2021-01-29,5,中粮期货,5319,2370,中粮期货,561,250,国泰君安,800,115
855,RM103,2021-01-29,6,中信期货,4989,-245,中信建投,555,154,国元期货,755,517
856,RM103,2021-01-29,7,新湖期货,3938,169,方正中期,516,514,中辉期货,508,144
857,RM103,2021-01-29,8,锦泰期货,3868,-847,银河期货,511,-151,新湖期货,337,-10
858,RM103,2021-01-29,9,五矿经易期货,3761,32,中辉期货,503,-17,锦泰期货,300,-1
859,RM103,2021-01-29,10,中信建投,3479,420,西南期货,496,0,浙商期货,289,143
860,RM103,2021-01-29,11,浙商期货,3181,1517,中天期货,495,393,中信期货,262,-596
861,RM103,2021-01-29,12,国海良时,2878,176,浙商期货,453,312,国贸期货,255,135
862,RM103,2021-01-29,13,美尔雅,2624,2029,新湖期货,443,-158,福能期货,244,106
863,RM103,2021-01-29,14,国投安信期货,2593,578,创元期货,431,203,华泰期货,222,39
864,RM103,2021-01-29,15,永安期货,2096,438,国投安信期货,413,-76,永安期货,221,-565
865,RM103,2021-01-29,16,上海大陆,1543,840,华鑫期货,363,108,上海中期,206,-6
866,RM103,2021-01-29,17,华泰期货,1343,1142,锦泰期货,361,15,盛达期货,197,77
867,RM103,2021-01-29,18,中辉期货,773,239,中财期货,353,2,徽商期货,178,60
868,RM103,2021-01-29,19,东吴期货,757,419,国贸期货,344,99,银河期货,159,75
869,RM103,2021-01-29,20,方正中期,675,293,南华期货,289,125,海证期货,147,89
870,RM105,2021-01-29,1,东证期货,262526,18432,东证期货,18693,6349,中粮期货,43939,-1027
871,RM105,2021-01-29,2,海通期货,225330,37667,中信期货,17392,-206,兴证期货,39734,-1834
872,RM105,2021-01-29,3,中信期货,120751,19835,国泰君安,15600,319,光大期货,31258,258
873,RM105,2021-01-29,4,华西期货,105848,-17006,中粮期货,15562,680,国泰君安,15791,-288
874,RM105,2021-01-29,5,光大期货,95008,9727,永安期货,14414,-641,中信期货,15496,1011
875,RM105,2021-01-29,6,华泰期货,66465,18165,鲁证期货,12403,243,浙商期货,15415,159
876,RM105,2021-01-29,7,国富期货,59486,10774,宏源期货,11479,-1571,国投安信期货,14586,304
877,RM105,2021-01-29,8,徽商期货,42829,4688,国投安信期货,11237,-926,华泰期货,10872,-1372
878,RM105,2021-01-29,9,国泰君安,38307,4959,浙商期货,9720,-419,东证期货,8942,-2579
879,RM105,2021-01-29,10,华安期货,34167,1792,华安期货,9266,-7,国盛期货,7034,9
880,RM105,2021-01-29,11,东方财富,31774,-2005,华泰期货,8822,1397,海通期货,6006,-759
881,RM105,2021-01-29,12,银河期货,29301,2086,瑞达期货,8592,-28,永安期货,5402,545
882,RM105,2021-01-29,13,广发期货,28087,4301,海通期货,8220,245,宏源期货,4907,753
883,RM105,2021-01-29,14,东吴期货,25947,1106,安粮期货,7624,647,银河期货,4679,384
884,RM105,2021-01-29,15,新湖期货,22427,-1272,徽商期货,7253,-1300,徽商期货,4655,1091
885,RM105,2021-01-29,16,宏源期货,21404,7185,海证期货,7093,845,华安期货,4437,762
886,RM105,2021-01-29,17,申银万国,21402,3383,南华期货,6295,1244,广发期货,4374,-296
887,RM105,2021-01-29,18,中辉期货,19868,2515,广发期货,6217,-381,方正中期,4328,415
888,RM105,2021-01-29,19,永安期货,16808,3809,银河期货,6215,301,弘业期货,4144,208
889,RM105,2021-01-29,20,兴证期货,16687,-6243,一德期货,5957,169,英大期货,3987,752
890,RM109,2021-01-29,1,华泰期货,39316,8824,中信期货,7085,829,中粮期货,13745,-335
891,RM109,2021-01-29,2,海通期货,27812,2613,徽商期货,6667,2002,鲁证期货,7394,33
892,RM109,2021-01-29,3,东证期货,25054,923,国泰君安,5100,175,华安期货,6431,-8
893,RM109,2021-01-29,4,华西期货,18725,519,南华期货,4825,-1396,中信期货,5592,1084
894,RM109,2021-01-29,5,东吴期货,11703,-1032,中信建投,4287,700,安粮期货,5058,73
895,RM109,2021-01-29,6,中信期货,10501,4735,中粮期货,3890,15,光大期货,4273,206
896,RM109,2021-01-29,7,光大期货,8950,-906,申银万国,3538,104,永安期货,3376,-77
897,RM109,2021-01-29,8,广发期货,8389,6883,华泰期货,3503,153,中信建投,3104,768
898,RM109,2021-01-29,9,中信建投,6406,-795,浙商期货,3382,5,兴业期货,3099,843
899,RM109,2021-01-29,10,国泰君安,6022,1122,永安期货,2380,315,瑞达期货,3023,86
900,RM109,2021-01-29,11,华安期货,5847,1068,美尔雅,1937,-212,东证期货,2896,-62
901,RM109,2021-01-29,12,银河期货,5465,3363,弘业期货,1761,19,国泰君安,2582,5
902,RM109,2021-01-29,13,徽商期货,4656,2483,中投天琪,1719,-15,兴证期货,2559,-17
903,RM109,2021-01-29,14,美尔雅,4380,1805,福能期货,1662,-21,海证期货,2247,179
904,RM109,2021-01-29,15,宏源期货,4269,1736,银河期货,1559,349,广发期货,1630,85
905,RM109,2021-01-29,16,宝城期货,3513,1356,东吴期货,1509,292,摩根大通,1495,-8
906,RM109,2021-01-29,17,瑞达期货,3327,768,瑞达期货,1432,-59,浙商期货,1439,212
907,RM109,2021-01-29,18,中粮期货,3148,484,广发期货,1420,126,弘业期货,1338,21
908,RM109,2021-01-29,19,南华期货,3142,2250,海证期货,1394,-39,国投安信期货,1305,-2
909,RM109,2021-01-29,20,新湖期货,3137,-713,创元期货,1314,12,东航期货,1106,203
910,RS107,2021-01-29,1,东证期货,2,2,广州金控,9,-1,国投安信期货,4,0
911,RS107,2021-01-29,2,华泰期货,1,1,兴业期货,3,0,银河期货,3,0
912,RS107,2021-01-29,3,中原期货,1,-1,广发期货,2,0,中粮期货,2,0
913,RS107,2021-01-29,4,山西三立,1,1,新纪元期货,1,0,海通期货,2,0
914,RS107,2021-01-29,5,广州金控,1,0,中信期货,1,0,财信期货,2,0
915,RS107,2021-01-29,6,-,-,-,光大期货,1,0,华泰期货,1,-1
916,RS107,2021-01-29,7,-,-,-,东方财富,1,0,中原期货,1,1
917,RS107,2021-01-29,8,-,-,-,-,-,-,光大期货,1,0
918,RS107,2021-01-29,9,-,-,-,-,-,-,浙商期货,1,0
919,RS107,2021-01-29,10,-,-,-,-,-,-,永安期货,1,0
920,SA102,2021-01-29,1,中州期货,77,55,兴证期货,2800,0,大有期货,1294,-14
921,SA102,2021-01-29,2,国泰君安,30,30,大有期货,142,0,永安期货,800,0
922,SA102,2021-01-29,3,中银国际,20,20,国泰君安,30,30,浙商期货,495,0
923,SA102,2021-01-29,4,国联期货,20,20,中州期货,4,-1,中原期货,163,0
924,SA102,2021-01-29,5,中投天琪,15,15,-,-,-,中州期货,92,76
925,SA102,2021-01-29,6,大有期货,14,4,-,-,-,国海良时,78,-2
926,SA102,2021-01-29,7,华融融达期货,13,13,-,-,-,银河期货,54,0
927,SA102,2021-01-29,8,创元期货,8,-52,-,-,-,-,-,-
928,SA102,2021-01-29,9,徽商期货,5,4,-,-,-,-,-,-
929,SA102,2021-01-29,10,华鑫期货,4,4,-,-,-,-,-,-
930,SA102,2021-01-29,11,华安期货,3,1,-,-,-,-,-,-
931,SA102,2021-01-29,12,盛达期货,2,2,-,-,-,-,-,-
932,SA102,2021-01-29,13,鲁证期货,2,2,-,-,-,-,-,-
933,SA102,2021-01-29,14,五矿经易期货,2,2,-,-,-,-,-,-
934,SA102,2021-01-29,15,国海良时,2,2,-,-,-,-,-,-
935,SA102,2021-01-29,16,海证期货,2,2,-,-,-,-,-,-
936,SA102,2021-01-29,17,东航期货,1,1,-,-,-,-,-,-
937,SA103,2021-01-29,1,海通期货,2116,308,招商期货,1487,-162,兴证期货,2800,-70
938,SA103,2021-01-29,2,锦泰期货,1361,266,中州期货,1340,739,上海大陆,1501,0
939,SA103,2021-01-29,3,东证期货,1197,44,东吴期货,876,3,中粮期货,1495,96
940,SA103,2021-01-29,4,中信期货,1166,304,浙商期货,874,-97,招商期货,1334,-153
941,SA103,2021-01-29,5,兴证期货,1137,-89,瑞达期货,622,273,永安期货,1035,-2
942,SA103,2021-01-29,6,中粮期货,981,-2304,山西三立,580,-8,国泰君安,942,97
943,SA103,2021-01-29,7,华闻期货,805,-384,国投安信期货,429,-36,大有期货,928,-8
944,SA103,2021-01-29,8,中州期货,742,436,华泰期货,423,-96,中财期货,722,-75
945,SA103,2021-01-29,9,招商期货,701,39,中粮期货,401,-7,东吴期货,511,0
946,SA103,2021-01-29,10,鲁证期货,616,119,天风期货,401,-1,国投安信期货,374,-21
947,SA103,2021-01-29,11,中天期货,549,164,华金期货,334,87,国信期货,275,-84
948,SA103,2021-01-29,12,华泰期货,481,81,国信期货,297,-80,中信期货,247,-110
949,SA103,2021-01-29,13,上海大陆,476,417,东兴期货,269,0,方正中期,148,-123
950,SA103,2021-01-29,14,长江期货,451,-295,永安期货,216,-1,银河期货,99,39
951,SA103,2021-01-29,15,江西瑞奇,392,-11,南华期货,209,-9,平安期货,96,76
952,SA103,2021-01-29,16,瑞达期货,354,40,徽商期货,205,1,建信期货,93,0
953,SA103,2021-01-29,17,徽商期货,348,51,中原期货,184,0,华安期货,61,0
954,SA103,2021-01-29,18,方正中期,337,-221,国联期货,184,4,前海期货,60,13
955,SA103,2021-01-29,19,银河期货,323,-23,华西期货,177,0,华泰期货,42,1
956,SA103,2021-01-29,20,国信期货,318,-82,方正中期,160,-152,中信建投,42,1
957,SA104,2021-01-29,1,海通期货,10339,683,大有期货,4364,0,五矿经易期货,3610,8
958,SA104,2021-01-29,2,广发期货,6272,-569,五矿经易期货,3658,47,招商期货,1590,-11
959,SA104,2021-01-29,3,中信期货,3480,868,瑞达期货,2121,1112,上海大陆,1340,1015
960,SA104,2021-01-29,4,东证期货,3314,-258,华金期货,1800,25,中州期货,1340,739
961,SA104,2021-01-29,5,银河期货,2881,-1410,招商期货,1501,10,锦泰期货,1206,185
962,SA104,2021-01-29,6,锦泰期货,2647,-7,兴证期货,1257,-4,银河期货,1135,-17
963,SA104,2021-01-29,7,中粮期货,2533,-3331,锦泰期货,1136,174,中粮期货,1014,-1
964,SA104,2021-01-29,8,兴证期货,2174,-46,永安期货,831,801,大有期货,920,0
965,SA104,2021-01-29,9,方正中期,1780,-288,方正中期,601,0,方正中期,672,-100
966,SA104,2021-01-29,10,华金期货,1613,-709,中信期货,506,9,华泰期货,648,-20
967,SA104,2021-01-29,11,国信期货,1576,-474,长江期货,445,-18,中原期货,556,0
968,SA104,2021-01-29,12,瑞达期货,1367,1066,国贸期货,439,319,瑞达期货,550,255
969,SA104,2021-01-29,13,招商期货,1173,-25,国投安信期货,409,-7,中财期货,541,82
970,SA104,2021-01-29,14,长江期货,1152,343,东证期货,408,-5,天风期货,501,50
971,SA104,2021-01-29,15,上海大陆,1075,1029,天风期货,400,0,兴证期货,477,-4
972,SA104,2021-01-29,16,冠通期货,1012,796,平安期货,388,215,东证期货,447,3
973,SA104,2021-01-29,17,华西期货,882,-14,中信建投,349,37,中信期货,420,3
974,SA104,2021-01-29,18,永安期货,843,700,国信期货,307,268,长江期货,412,-26
975,SA104,2021-01-29,19,东海期货,818,518,中辉期货,288,23,国投安信期货,410,9
976,SA104,2021-01-29,20,国投安信期货,810,16,山金期货,120,60,徽商期货,348,-18
977,SA105,2021-01-29,1,海通期货,66819,-8748,中信期货,10491,4330,永安期货,16425,3162
978,SA105,2021-01-29,2,中信建投,47426,-22628,徽商期货,8451,563,中信期货,9689,-1497
979,SA105,2021-01-29,3,新湖期货,27005,2401,国泰君安,7205,-898,中粮期货,7884,1781
980,SA105,2021-01-29,4,东证期货,25388,-2467,银河期货,6818,797,徽商期货,7249,-1146
981,SA105,2021-01-29,5,徽商期货,24665,-4841,永安期货,6763,612,国泰君安,6693,-140
982,SA105,2021-01-29,6,光大期货,23424,-12501,东证期货,6663,-3958,瑞达期货,6363,643
983,SA105,2021-01-29,7,国泰君安,22650,-491,海通期货,6386,-159,银河期货,6224,2724
984,SA105,2021-01-29,8,银河期货,21753,3138,新湖期货,6076,768,方正中期,6137,-295
985,SA105,2021-01-29,9,中信期货,21005,4579,混沌天成期货,5633,-22,平安期货,5020,39
986,SA105,2021-01-29,10,华泰期货,19407,-2116,方正中期,5140,448,大有期货,4614,-41
987,SA105,2021-01-29,11,广发期货,18226,-1941,中信建投,4601,83,新湖期货,4285,1025
988,SA105,2021-01-29,12,东吴期货,17479,-4187,华泰期货,4470,-74,华安期货,3951,-114
989,SA105,2021-01-29,13,华安期货,16645,-3393,平安期货,4360,8,国富期货,3882,1081
990,SA105,2021-01-29,14,永安期货,16266,2126,申银万国,3422,-666,光大期货,3722,-7537
991,SA105,2021-01-29,15,方正中期,13457,-614,兴证期货,3250,-70,海通期货,3375,18
992,SA105,2021-01-29,16,东方财富,11982,312,中辉期货,3211,-236,宏源期货,3343,-121
993,SA105,2021-01-29,17,宏源期货,10173,1557,天风期货,3156,102,广发期货,3315,-416
994,SA105,2021-01-29,18,鲁证期货,9029,3347,广发期货,3121,184,东证期货,2966,-1598
995,SA105,2021-01-29,19,兴证期货,9014,-4498,瑞达期货,3118,-212,广州期货,2853,363
996,SA105,2021-01-29,20,平安期货,8679,298,国贸期货,2959,534,上海大陆,2704,-306
997,SA109,2021-01-29,1,国泰君安,1521,1342,国泰君安,2434,-1126,永安期货,3142,-166
998,SA109,2021-01-29,2,东证期货,1337,407,中粮期货,1863,141,徽商期货,1031,-13
999,SA109,2021-01-29,3,银河期货,994,750,徽商期货,928,42,财信期货,954,-11
1000,SA109,2021-01-29,4,宏源期货,784,92,财信期货,908,-4,上海大陆,937,387
1001,SA109,2021-01-29,5,冠通期货,715,-88,方正中期,861,13,首创期货,858,-2
1002,SA109,2021-01-29,6,浙商期货,595,541,首创期货,855,5,浙商期货,786,107
1003,SA109,2021-01-29,7,海通期货,582,271,华安期货,841,139,东吴期货,626,27
1004,SA109,2021-01-29,8,上海大陆,548,393,东吴期货,635,14,华安期货,566,46
1005,SA109,2021-01-29,9,华安期货,513,-132,安粮期货,425,-5,国泰君安,513,125
1006,SA109,2021-01-29,10,中粮期货,491,280,广发期货,389,51,安粮期货,449,22
1007,SA109,2021-01-29,11,中州期货,449,441,南华期货,345,0,宏源期货,439,-3
1008,SA109,2021-01-29,12,永安期货,380,-439,信达期货,329,109,天风期货,340,-1
1009,SA109,2021-01-29,13,中天期货,349,33,国投安信期货,312,-11,信达期货,285,201
1010,SA109,2021-01-29,14,中信期货,339,246,大有期货,293,214,宝城期货,283,50
1011,SA109,2021-01-29,15,广发期货,335,238,宝城期货,250,78,海证期货,280,-75
1012,SA109,2021-01-29,16,信达期货,322,143,鲁证期货,214,-19,中粮期货,240,50
1013,SA109,2021-01-29,17,中辉期货,311,165,永安期货,211,56,国元期货,195,2
1014,SA109,2021-01-29,18,东吴期货,263,130,中辉期货,181,18,方正中期,163,12
1015,SA109,2021-01-29,19,徽商期货,253,-1648,宏源期货,175,-33,银河期货,162,-250
1016,SA109,2021-01-29,20,国盛期货,238,238,华鑫期货,172,10,中辉期货,160,-13
1017,SF102,2021-01-29,1,中大期货,3,-1,中大期货,93,3,永安期货,102,0
1018,SF102,2021-01-29,2,国金期货,2,2,中信期货,39,0,五矿经易期货,19,0
1019,SF102,2021-01-29,3,宏源期货,1,1,和合期货,2,0,中大期货,12,0
1020,SF102,2021-01-29,4,-,-,-,-,-,-,东证期货,1,0
1021,SF103,2021-01-29,1,中信期货,11078,-863,华融融达期货,638,128,华融融达期货,635,-11
1022,SF103,2021-01-29,2,东证期货,3403,-480,东吴期货,594,148,中原期货,600,0
1023,SF103,2021-01-29,3,中粮期货,2696,-706,东海期货,427,427,中粮期货,488,-62
1024,SF103,2021-01-29,4,华闻期货,2098,-2694,银河期货,350,-195,东海期货,440,440
1025,SF103,2021-01-29,5,国元期货,1793,830,中粮期货,310,2,中大期货,315,35
1026,SF103,2021-01-29,6,银河期货,1623,564,中原期货,300,0,中信期货,250,-395
1027,SF103,2021-01-29,7,申银万国,1361,-263,国投安信期货,266,0,华泰期货,249,222
1028,SF103,2021-01-29,8,东吴期货,1282,308,华泰期货,225,222,永安期货,141,-150
1029,SF103,2021-01-29,9,五矿经易期货,1279,-910,中电投先融,200,0,国贸期货,100,0
1030,SF103,2021-01-29,10,东海期货,1169,1079,弘业期货,80,27,光大期货,91,43
1031,SF103,2021-01-29,11,国信期货,1032,20,中信期货,70,-141,银河期货,80,0
1032,SF103,2021-01-29,12,浙商期货,1025,-413,五矿经易期货,50,50,国元期货,70,-43
1033,SF103,2021-01-29,13,永安期货,1012,-20,国元期货,39,20,东证期货,58,-434
1034,SF103,2021-01-29,14,神华期货,838,638,光大期货,33,27,广发期货,40,40
1035,SF103,2021-01-29,15,弘业期货,556,-480,东证期货,31,-445,天风期货,32,8
1036,SF103,2021-01-29,16,华西期货,536,30,广发期货,29,1,弘业期货,30,13
1037,SF103,2021-01-29,17,华泰期货,518,494,首创期货,27,-68,申银万国,23,-294
1038,SF103,2021-01-29,18,首创期货,478,359,徽商期货,24,7,宏源期货,23,-1
1039,SF103,2021-01-29,19,光大期货,224,147,中财期货,22,5,浙商期货,20,-15
1040,SF103,2021-01-29,20,海通期货,185,-336,海通期货,17,17,五矿经易期货,20,-151
1041,SF105,2021-01-29,1,中信期货,85247,23619,中信期货,13232,949,中信期货,11834,-776
1042,SF105,2021-01-29,2,东证期货,37251,16729,银河期货,7847,-2005,东证期货,8450,2730
1043,SF105,2021-01-29,3,徽商期货,27773,6946,一德期货,6377,-4515,银河期货,6910,-2209
1044,SF105,2021-01-29,4,光大期货,20943,5825,美尔雅,5424,57,五矿经易期货,6754,-142
1045,SF105,2021-01-29,5,东方财富,20922,4861,国投安信期货,4818,-2989,光大期货,5253,1058
1046,SF105,2021-01-29,6,美尔雅,17729,6970,国泰君安,4530,-1228,永安期货,5244,-89
1047,SF105,2021-01-29,7,华泰期货,15799,1269,海通期货,4200,-599,国泰君安,4854,1138
1048,SF105,2021-01-29,8,银河期货,15450,6514,永安期货,3965,-312,华泰期货,4551,-403
1049,SF105,2021-01-29,9,海通期货,15248,344,东证期货,3881,-6365,新湖期货,3982,226
1050,SF105,2021-01-29,10,申银万国,15085,6139,光大期货,3760,449,中粮期货,3483,-2089
1051,SF105,2021-01-29,11,新湖期货,14443,1177,中原期货,3747,-938,海通期货,3266,79
1052,SF105,2021-01-29,12,东吴期货,14332,696,新湖期货,3394,-361,华闻期货,3146,1481
1053,SF105,2021-01-29,13,广发期货,13817,8420,华闻期货,3189,1437,浙商期货,2912,-1022
1054,SF105,2021-01-29,14,国泰君安,13190,-2421,海证期货,3177,1311,中信建投,2244,514
1055,SF105,2021-01-29,15,国投安信期货,12951,7313,华泰期货,3110,-1484,招商期货,1872,-58
1056,SF105,2021-01-29,16,华闻期货,12006,3326,徽商期货,2773,666,南华期货,1866,411
1057,SF105,2021-01-29,17,兴证期货,11825,2859,宏源期货,2652,909,兴业期货,1833,-198
1058,SF105,2021-01-29,18,一德期货,11779,6252,申银万国,2620,42,华安期货,1798,127
1059,SF105,2021-01-29,19,中信建投,11497,5065,华融融达期货,2451,816,国贸期货,1753,-469
1060,SF105,2021-01-29,20,华安期货,10946,235,建信期货,2125,-106,宏源期货,1715,-200
1061,SF109,2021-01-29,1,中信期货,2317,410,中信期货,1610,6,中信期货,5869,-161
1062,SF109,2021-01-29,2,东吴期货,2248,1852,建信期货,1026,50,首创期货,990,-9
1063,SF109,2021-01-29,3,宏源期货,1094,362,中粮期货,931,-126,华融融达期货,836,0
1064,SF109,2021-01-29,4,东证期货,638,294,永安期货,904,-10,东吴期货,471,-51
1065,SF109,2021-01-29,5,国元期货,504,429,大有期货,847,-135,大有期货,411,-13
1066,SF109,2021-01-29,6,华融融达期货,471,450,浙商期货,844,-280,五矿经易期货,331,243
1067,SF109,2021-01-29,7,五矿经易期货,471,471,华融融达期货,743,445,方正中期,255,18
1068,SF109,2021-01-29,8,建信期货,454,245,广州期货,703,2,徽商期货,219,-83
1069,SF109,2021-01-29,9,上海大陆,439,-364,兴业期货,610,-100,国元期货,203,191
1070,SF109,2021-01-29,10,海通期货,408,353,南华期货,505,0,迈科期货,195,-8
1071,SF109,2021-01-29,11,大有期货,402,245,东吴期货,479,17,永安期货,180,-21
1072,SF109,2021-01-29,12,弘业期货,399,170,国泰君安,446,16,中州期货,177,0
1073,SF109,2021-01-29,13,国投安信期货,389,268,国投安信期货,433,96,华鑫期货,165,6
1074,SF109,2021-01-29,14,南华期货,339,-67,五矿经易期货,362,52,国富期货,150,-1
1075,SF109,2021-01-29,15,财信期货,338,244,光大期货,316,-1,中财期货,145,-9
1076,SF109,2021-01-29,16,浙商期货,335,273,宏源期货,213,-9,中大期货,129,0
1077,SF109,2021-01-29,17,华鑫期货,286,275,银河期货,152,37,中原期货,128,1
1078,SF109,2021-01-29,18,国贸期货,282,-38,中电投先融,150,0,锦泰期货,113,-2
1079,SF109,2021-01-29,19,一德期货,249,59,一德期货,148,-44,上海中期,104,-3
1080,SF109,2021-01-29,20,中原期货,246,205,迈科期货,145,145,中天期货,101,1
1081,SM102,2021-01-29,1,申银万国,40,40,东海期货,39,0,银河期货,41,0
1082,SM102,2021-01-29,2,银河期货,40,33,银河期货,4,0,徽商期货,2,0
1083,SM103,2021-01-29,1,中信期货,8744,1575,东兴期货,2292,-20,中钢期货,2400,-400
1084,SM103,2021-01-29,2,锦泰期货,2410,299,中粮期货,750,-157,东海期货,1583,-100
1085,SM103,2021-01-29,3,中粮期货,1977,701,国泰君安,733,-144,东证期货,1083,-98
1086,SM103,2021-01-29,4,格林大华期货,1936,1416,浙商期货,720,-14,格林大华期货,593,0
1087,SM103,2021-01-29,5,东证期货,1916,64,建信期货,528,0,中粮期货,540,210
1088,SM103,2021-01-29,6,银河期货,1805,476,中信期货,403,0,中大期货,435,90
1089,SM103,2021-01-29,7,广发期货,1712,-488,五矿经易期货,388,378,五矿经易期货,400,0
1090,SM103,2021-01-29,8,江西瑞奇,1508,-84,国海良时,362,-222,一德期货,204,-96
1091,SM103,2021-01-29,9,五矿经易期货,1420,403,国投安信期货,300,0,银河期货,149,0
1092,SM103,2021-01-29,10,国信期货,1404,220,格林大华期货,300,-10,永安期货,114,-90
1093,SM103,2021-01-29,11,浙商期货,1346,-344,中电投先融,272,0,冠通期货,75,0
1094,SM103,2021-01-29,12,永安期货,942,242,华闻期货,200,0,国海良时,51,0
1095,SM103,2021-01-29,13,申银万国,893,-83,东证期货,155,-2,锦泰期货,49,-1
1096,SM103,2021-01-29,14,中钢期货,854,854,冠通期货,75,0,中信期货,33,2
1097,SM103,2021-01-29,15,中天期货,797,356,锦泰期货,59,-183,浙商期货,27,6
1098,SM103,2021-01-29,16,海通期货,703,518,招金期货,48,0,宝城期货,14,14
1099,SM103,2021-01-29,17,弘业期货,456,-43,安粮期货,35,-23,国信期货,12,-359
1100,SM103,2021-01-29,18,国泰君安,338,299,申银万国,30,-68,宏源期货,12,8
1101,SM103,2021-01-29,19,国海良时,234,17,徽商期货,27,6,华泰期货,10,0
1102,SM103,2021-01-29,20,东海期货,160,140,倍特期货,23,0,弘业期货,10,-2
1103,SM104,2021-01-29,1,中信期货,11416,-131,五矿经易期货,5231,328,五矿经易期货,5101,328
1104,SM104,2021-01-29,2,中粮期货,2178,952,中粮期货,1676,172,中信建投,4001,1
1105,SM104,2021-01-29,3,银河期货,2142,514,中信期货,1041,12,中信期货,3005,0
1106,SM104,2021-01-29,4,锦泰期货,2001,196,兴证期货,881,-295,锦泰期货,617,-168
1107,SM104,2021-01-29,5,东证期货,1961,-95,格林大华期货,794,-1,格林大华期货,504,-10
1108,SM104,2021-01-29,6,格林大华期货,1763,1102,国泰君安,672,-40,永安期货,442,129
1109,SM104,2021-01-29,7,国信期货,1574,375,锦泰期货,633,25,申银万国,429,94
1110,SM104,2021-01-29,8,浙商期货,1530,-926,国海良时,600,-180,弘业期货,403,-24
1111,SM104,2021-01-29,9,广发期货,1526,-3007,东证期货,484,146,国信期货,365,337
1112,SM104,2021-01-29,10,江西瑞奇,1439,-397,弘业期货,403,-24,冠通期货,100,0
1113,SM104,2021-01-29,11,中天期货,1380,560,永安期货,393,102,东证期货,55,9
1114,SM104,2021-01-29,12,五矿经易期货,1104,271,国信期货,366,341,东吴期货,38,-2
1115,SM104,2021-01-29,13,申银万国,1084,-56,金瑞期货,353,205,中粮期货,36,0
1116,SM104,2021-01-29,14,永安期货,1011,-540,申银万国,336,44,国泰君安,32,12
1117,SM104,2021-01-29,15,光大期货,747,-124,鲁证期货,271,161,招商期货,28,4
1118,SM104,2021-01-29,16,华西期货,738,-88,东兴期货,230,-500,一德期货,24,12
1119,SM104,2021-01-29,17,东吴期货,676,281,浙商期货,210,-21,海证期货,22,7
1120,SM104,2021-01-29,18,东兴期货,500,500,华泰期货,194,71,银河期货,20,20
1121,SM104,2021-01-29,19,中辉期货,447,-206,中辉期货,106,20,中天期货,20,0
1122,SM104,2021-01-29,20,金瑞期货,382,122,冠通期货,100,0,江西瑞奇,17,7
1123,SM105,2021-01-29,1,中信期货,96798,-7245,中信期货,16260,1120,中信期货,16422,-652
1124,SM105,2021-01-29,2,东证期货,26394,-4865,申银万国,9396,-20,银河期货,15744,-1109
1125,SM105,2021-01-29,3,华闻期货,16882,2957,一德期货,5405,875,国泰君安,9380,436
1126,SM105,2021-01-29,4,海通期货,15907,-6496,国泰君安,4496,-415,中钢期货,5103,-1322
1127,SM105,2021-01-29,5,银河期货,15747,3190,国投安信期货,4309,2955,中粮期货,3525,64
1128,SM105,2021-01-29,6,华西期货,15093,3663,东证期货,4207,-346,上海大陆,3135,-227
1129,SM105,2021-01-29,7,徽商期货,14089,928,银河期货,3520,868,一德期货,3113,452
1130,SM105,2021-01-29,8,光大期货,12557,-1733,永安期货,3300,337,东证期货,2765,1006
1131,SM105,2021-01-29,9,华泰期货,11229,-1601,广发期货,3079,190,兴证期货,2740,-40
1132,SM105,2021-01-29,10,广发期货,10394,-2877,五矿经易期货,2846,477,华泰期货,2356,1023
1133,SM105,2021-01-29,11,东吴期货,10276,-2444,海证期货,2805,-375,申银万国,2347,34
1134,SM105,2021-01-29,12,中财期货,8519,4604,天富期货,2483,-75,中信建投,2200,521
1135,SM105,2021-01-29,13,新湖期货,7594,394,华泰期货,2309,-1402,永安期货,2181,-2
1136,SM105,2021-01-29,14,国泰君安,7539,-1435,弘业期货,2112,1358,浙商期货,1876,-840
1137,SM105,2021-01-29,15,华安期货,7274,-244,兴证期货,1973,656,广发期货,1825,202
1138,SM105,2021-01-29,16,国投安信期货,7188,2284,国海良时,1793,-624,东吴期货,1803,386
1139,SM105,2021-01-29,17,国海良时,7134,168,海通期货,1766,-130,宏源期货,1739,739
1140,SM105,2021-01-29,18,宏源期货,7042,851,方正中期,1662,-324,海通期货,1713,-495
1141,SM105,2021-01-29,19,中辉期货,6911,-2366,宏源期货,1661,-1317,上海中期,1700,-1446
1142,SM105,2021-01-29,20,安粮期货,6638,924,新湖期货,1563,-150,美尔雅,1611,779
1143,SR103,2021-01-29,1,中粮期货,4909,1053,招商期货,1126,-326,中粮期货,4878,30
1144,SR103,2021-01-29,2,华泰期货,4577,998,中信建投,1077,33,招商期货,867,-317
1145,SR103,2021-01-29,3,东证期货,3683,754,中粮期货,912,45,南华期货,449,-9
1146,SR103,2021-01-29,4,华闻期货,1780,-993,中信期货,826,0,浙商期货,384,-54
1147,SR103,2021-01-29,5,国海良时,1548,-389,华金期货,772,-288,中大期货,330,0
1148,SR103,2021-01-29,6,申银万国,1418,-430,南华期货,474,-9,鲁证期货,311,120
1149,SR103,2021-01-29,7,南华期货,1274,-574,中大期货,353,20,申银万国,260,-326
1150,SR103,2021-01-29,8,浙商期货,1238,100,华泰期货,291,29,东兴期货,260,0
1151,SR103,2021-01-29,9,方正中期,1228,-405,国泰君安,243,8,大地期货,130,0
1152,SR103,2021-01-29,10,广发期货,1104,-2025,混沌天成期货,218,200,中信期货,129,0
1153,SR103,2021-01-29,11,华金期货,1082,-1457,浙商期货,211,-14,首创期货,113,17
1154,SR103,2021-01-29,12,永安期货,1037,-119,中辉期货,177,63,金鹏期货,80,0
1155,SR103,2021-01-29,13,五矿经易期货,1016,-616,迈科期货,154,0,国投安信期货,73,0
1156,SR103,2021-01-29,14,招商期货,987,-193,格林大华期货,148,2,华安期货,68,0
1157,SR103,2021-01-29,15,银河期货,976,-1181,福能期货,145,-5,华泰期货,50,30
1158,SR103,2021-01-29,16,中信建投,862,-505,金瑞期货,136,-17,上海中期,50,1
1159,SR103,2021-01-29,17,海通期货,626,157,锦泰期货,136,21,招金期货,43,5
1160,SR103,2021-01-29,18,东吴期货,530,-172,光大期货,122,1,东证期货,40,-356
1161,SR103,2021-01-29,19,华西期货,396,-46,大地期货,104,0,福能期货,39,0
1162,SR103,2021-01-29,20,光大期货,392,-506,华融融达期货,85,0,国泰君安,39,16
1163,SR105,2021-01-29,1,东证期货,82501,-2947,中粮期货,33194,1104,中粮期货,99138,-1350
1164,SR105,2021-01-29,2,海通期货,50297,-34873,光大期货,21788,-174,中信期货,28849,1088
1165,SR105,2021-01-29,3,华泰期货,43100,820,中信期货,21286,-502,首创期货,25069,-16
1166,SR105,2021-01-29,4,中信期货,31024,-7847,华泰期货,15537,613,华泰期货,22171,-4467
1167,SR105,2021-01-29,5,华西期货,24430,-9562,永安期货,14250,-409,东证期货,21865,777
1168,SR105,2021-01-29,6,光大期货,24164,-8508,宏源期货,12273,684,国盛期货,19245,4
1169,SR105,2021-01-29,7,东吴期货,15820,-2594,国泰君安,11737,69,国投安信期货,14399,246
1170,SR105,2021-01-29,8,中粮期货,14388,-2719,平安期货,10298,-214,广发期货,14048,70
1171,SR105,2021-01-29,9,徽商期货,13661,-1512,中州期货,9876,539,永安期货,13774,-260
1172,SR105,2021-01-29,10,国泰君安,12335,-7093,徽商期货,9779,1752,东兴期货,11363,-191
1173,SR105,2021-01-29,11,华闻期货,11843,878,海通期货,9386,-2075,光大期货,10538,946
1174,SR105,2021-01-29,12,银河期货,10558,-1972,方正中期,9244,-373,浙商期货,10056,485
1175,SR105,2021-01-29,13,广发期货,10246,-3790,申银万国,8778,-450,中投天琪,9774,293
1176,SR105,2021-01-29,14,华安期货,10228,-3272,中信建投,8694,1103,南华期货,9463,435
1177,SR105,2021-01-29,15,国贸期货,10137,-6687,东证期货,8556,-556,国泰君安,8939,1096
1178,SR105,2021-01-29,16,方正中期,9968,-2677,华融融达期货,8406,616,宏源期货,8735,277
1179,SR105,2021-01-29,17,申银万国,9675,-550,广发期货,7677,224,华金期货,8175,-335
1180,SR105,2021-01-29,18,宏源期货,8719,-928,银河期货,7135,-527,东海期货,6787,145
1181,SR105,2021-01-29,19,美尔雅,8070,-3862,华安期货,6891,185,申银万国,6621,199
1182,SR105,2021-01-29,20,东方财富,7873,-1622,首创期货,6683,1097,中州期货,6311,-279
1183,SR109,2021-01-29,1,华泰期货,13057,307,华泰期货,17846,86,中粮期货,56576,-17
1184,SR109,2021-01-29,2,东证期货,10878,-2209,华联期货,17057,78,永安期货,13043,705
1185,SR109,2021-01-29,3,海通期货,6331,-284,中粮期货,7509,81,中信期货,9664,18
1186,SR109,2021-01-29,4,广发期货,4921,-6,首创期货,5690,35,华泰期货,6815,-2273
1187,SR109,2021-01-29,5,东吴期货,4078,56,永安期货,5256,264,山金期货,5912,5
1188,SR109,2021-01-29,6,中信期货,3751,-111,东证期货,4583,-196,东兴期货,5563,-1
1189,SR109,2021-01-29,7,银河期货,3010,553,东兴期货,4081,-23,天风期货,5100,2066
1190,SR109,2021-01-29,8,华金期货,2966,281,国泰君安,3967,126,宏源期货,5038,26
1191,SR109,2021-01-29,9,光大期货,2717,-526,宏源期货,3905,504,金瑞期货,5019,15
1192,SR109,2021-01-29,10,天风期货,2250,1961,中信期货,3719,-139,东证期货,3146,14
1193,SR109,2021-01-29,11,宏源期货,1966,351,东海期货,3704,107,华金期货,2562,-256
1194,SR109,2021-01-29,12,国泰君安,1936,-1313,华金期货,3503,90,浙商期货,2292,-92
1195,SR109,2021-01-29,13,永安期货,1257,521,海通期货,3245,-121,中投天琪,2097,13
1196,SR109,2021-01-29,14,冠通期货,1063,-241,中信建投,3035,-37,五矿经易期货,1992,-6
1197,SR109,2021-01-29,15,大越期货,1010,858,徽商期货,2759,135,摩根大通,1871,0
1198,SR109,2021-01-29,16,渤海期货,925,-631,华融融达期货,2747,15,首创期货,1535,-19
1199,SR109,2021-01-29,17,金瑞期货,841,-165,国海良时,2660,40,东海期货,1519,0
1200,SR109,2021-01-29,18,鲁证期货,777,-133,浙商期货,2593,41,新湖期货,1512,-14
1201,SR109,2021-01-29,19,华安期货,775,-46,大地期货,2425,196,银河期货,1507,191
1202,SR109,2021-01-29,20,中信建投,744,84,光大期货,2261,-50,国投安信期货,1333,3
1203,SR111,2021-01-29,1,宏源期货,39,36,华泰期货,3073,0,华泰期货,3074,0
1204,SR111,2021-01-29,2,国贸期货,35,35,华融融达期货,2202,0,华融融达期货,2200,0
1205,SR111,2021-01-29,3,徽商期货,26,0,弘业期货,2162,6,弘业期货,2150,0
1206,SR111,2021-01-29,4,鑫鼎盛期货,20,20,光大期货,2010,1,光大期货,2002,0
1207,SR111,2021-01-29,5,国元期货,13,13,银河期货,533,1,中粮期货,667,0
1208,SR111,2021-01-29,6,冠通期货,10,5,恒泰期货,400,0,银河期货,500,0
1209,SR111,2021-01-29,7,浙商期货,9,2,冠通期货,320,0,恒泰期货,400,0
1210,SR111,2021-01-29,8,弘业期货,8,4,国泰君安,89,2,冠通期货,333,-6
1211,SR111,2021-01-29,9,华安期货,8,-2,徽商期货,59,20,上海东亚,50,0
1212,SR111,2021-01-29,10,宝城期货,6,6,上海东亚,50,0,神华期货,18,0
1213,SR111,2021-01-29,11,东兴期货,5,5,广州期货,47,0,国元期货,4,-1
1214,SR111,2021-01-29,12,创元期货,5,-5,安粮期货,46,1,招商期货,1,-1
1215,SR111,2021-01-29,13,南华期货,5,-1,申银万国,37,3,国海良时,1,1
1216,SR111,2021-01-29,14,上海大陆,4,3,永安期货,36,0,华闻期货,1,0
1217,SR111,2021-01-29,15,方正中期,4,1,国投安信期货,23,1,-,-,-
1218,SR111,2021-01-29,16,国泰君安,4,-9,中信期货,23,1,-,-,-
1219,SR111,2021-01-29,17,申银万国,3,3,浙商期货,21,3,-,-,-
1220,SR111,2021-01-29,18,中信期货,3,3,中信建投,19,0,-,-,-
1221,SR111,2021-01-29,19,长江期货,3,2,鑫鼎盛期货,19,-20,-,-,-
1222,SR111,2021-01-29,20,华泰期货,2,1,招商期货,18,0,-,-,-
1223,TA102,2021-01-29,1,兴证期货,883,882,一德期货,2704,74,中银国际,1700,0
1224,TA102,2021-01-29,2,浙商期货,880,880,兴证期货,1112,-883,中信建投,1500,0
1225,TA102,2021-01-29,3,国泰君安,700,200,广州期货,939,-9,国泰君安,1200,-700
1226,TA102,2021-01-29,4,光大期货,545,-998,南华期货,850,-3,光大期货,981,99
1227,TA102,2021-01-29,5,福能期货,400,400,先锋期货,427,0,东吴期货,468,0
1228,TA102,2021-01-29,6,国联期货,190,164,国联期货,190,190,一德期货,222,0
1229,TA102,2021-01-29,7,先锋期货,180,-16,长江期货,188,-12,弘业期货,220,0
1230,TA102,2021-01-29,8,华融融达期货,100,-22,浙商期货,100,100,锦泰期货,176,0
1231,TA102,2021-01-29,9,一德期货,74,-1416,锦泰期货,58,30,浙商期货,80,-780
1232,TA102,2021-01-29,10,鲁证期货,44,-957,中州期货,15,-1,国联期货,23,0
1233,TA102,2021-01-29,11,锦泰期货,30,2,国元期货,10,10,国投安信期货,10,0
1234,TA102,2021-01-29,12,大有期货,25,20,鲁证期货,4,-44,国元期货,10,10
1235,TA102,2021-01-29,13,国元期货,20,20,国投安信期货,3,2,中州期货,10,0
1236,TA102,2021-01-29,14,大越期货,20,20,-,-,-,-,-,-
1237,TA102,2021-01-29,15,长江期货,12,12,-,-,-,-,-,-
1238,TA102,2021-01-29,16,上海大陆,11,11,-,-,-,-,-,-
1239,TA102,2021-01-29,17,民生期货,10,9,-,-,-,-,-,-
1240,TA102,2021-01-29,18,南华期货,10,9,-,-,-,-,-,-
1241,TA102,2021-01-29,19,徽商期货,9,9,-,-,-,-,-,-
1242,TA102,2021-01-29,20,广州期货,9,9,-,-,-,-,-,-
1243,TA103,2021-01-29,1,东证期货,50401,19754,东证期货,15396,-359,光大期货,11241,-843
1244,TA103,2021-01-29,2,海通期货,47560,10936,永安期货,11860,188,大连良运,7083,5670
1245,TA103,2021-01-29,3,新湖期货,19631,6031,国贸期货,6045,-10,永安期货,6602,-297
1246,TA103,2021-01-29,4,银河期货,17896,12090,华泰期货,4306,30,中信期货,5083,446
1247,TA103,2021-01-29,5,中辉期货,15119,9288,瑞达期货,4138,999,国泰君安,4787,-2512
1248,TA103,2021-01-29,6,大有期货,14848,10468,宝城期货,2881,1796,一德期货,4329,79
1249,TA103,2021-01-29,7,海证期货,14137,4396,首创期货,2316,300,国贸期货,4151,-16
1250,TA103,2021-01-29,8,华闻期货,10330,-438,海通期货,2280,-70,鲁证期货,3692,6
1251,TA103,2021-01-29,9,中信期货,9060,3216,海证期货,2084,457,银河期货,3322,858
1252,TA103,2021-01-29,10,国富期货,9024,5448,新湖期货,1936,-68,创元期货,3025,-12
1253,TA103,2021-01-29,11,华西期货,8538,4970,南华期货,1764,-63,新湖期货,2581,-71
1254,TA103,2021-01-29,12,光大期货,7935,645,中粮期货,1683,173,海证期货,1744,-156
1255,TA103,2021-01-29,13,国海良时,7524,585,中信建投,1679,967,兴证期货,1396,-884
1256,TA103,2021-01-29,14,方正中期,7325,2042,冠通期货,1358,-642,中融汇信,1380,-40
1257,TA103,2021-01-29,15,招商期货,7107,4402,中辉期货,1331,-1139,浙商期货,1233,860
1258,TA103,2021-01-29,16,永安期货,6859,2569,银河期货,1192,1140,招商期货,1196,-2046
1259,TA103,2021-01-29,17,宝城期货,5783,4766,招商期货,1058,-2191,中辉期货,1121,86
1260,TA103,2021-01-29,18,华泰期货,5680,4130,广发期货,1044,-15,南华期货,1075,0
1261,TA103,2021-01-29,19,大连良运,5670,5669,国泰君安,1020,236,中银国际,1071,0
1262,TA103,2021-01-29,20,五矿经易期货,5255,1,兴证期货,1017,5,广发期货,1012,-2
1263,TA104,2021-01-29,1,国泰君安,14646,12347,五矿经易期货,8465,327,五矿经易期货,8465,332
1264,TA104,2021-01-29,2,中信期货,7803,4832,招商期货,3064,6,招商期货,2999,-119
1265,TA104,2021-01-29,3,东证期货,7783,5073,冠通期货,2400,100,冠通期货,2758,358
1266,TA104,2021-01-29,4,海通期货,6789,-10967,国泰君安,1727,-852,国泰君安,1600,-702
1267,TA104,2021-01-29,5,中辉期货,6606,115,中辉期货,1070,-246,首创期货,1500,0
1268,TA104,2021-01-29,6,东吴期货,5910,4114,永安期货,980,226,中辉期货,1150,-50
1269,TA104,2021-01-29,7,新湖期货,4878,1536,东吴期货,958,403,大连良运,885,885
1270,TA104,2021-01-29,8,招商期货,4455,2974,新湖期货,774,0,永安期货,856,156
1271,TA104,2021-01-29,9,永安期货,4320,1673,南华期货,725,-5,新湖期货,814,40
1272,TA104,2021-01-29,10,国海良时,4100,-180,方正中期,618,-1,南华期货,700,-5
1273,TA104,2021-01-29,11,光大期货,3601,1137,首创期货,607,300,国联期货,626,0
1274,TA104,2021-01-29,12,方正中期,3357,1207,广发期货,450,446,方正中期,609,0
1275,TA104,2021-01-29,13,大地期货,3238,1008,中信期货,445,-191,中信期货,521,102
1276,TA104,2021-01-29,14,冠通期货,3098,2124,东证期货,412,-2,东证期货,414,-17
1277,TA104,2021-01-29,15,五矿经易期货,2883,-810,申银万国,340,10,光大期货,345,-193
1278,TA104,2021-01-29,16,华闻期货,2803,1511,光大期货,334,-196,申银万国,320,4
1279,TA104,2021-01-29,17,南华期货,2702,-2974,国信期货,321,305,国信期货,313,295
1280,TA104,2021-01-29,18,国信期货,2592,-807,华西期货,210,-3,华西期货,213,-33
1281,TA104,2021-01-29,19,中天期货,1874,822,东航期货,209,-4,银河期货,200,196
1282,TA104,2021-01-29,20,申银万国,1402,457,大有期货,202,0,大地期货,200,4
1283,TA105,2021-01-29,1,东证期货,313751,128718,永安期货,90144,27045,国贸期货,195863,19477
1284,TA105,2021-01-29,2,中信期货,304412,147196,南华期货,89176,-7398,永安期货,188047,-166
1285,TA105,2021-01-29,3,海通期货,203117,67207,华泰期货,82100,2782,中信期货,187347,-4534
1286,TA105,2021-01-29,4,华泰期货,188528,97978,东证期货,76255,16979,建信期货,130980,-10862
1287,TA105,2021-01-29,5,冠通期货,172795,126433,国投安信期货,69413,941,银河期货,101778,2967
1288,TA105,2021-01-29,6,永安期货,117815,57067,国泰君安,68468,26784,五矿经易期货,101066,3979
1289,TA105,2021-01-29,7,国富期货,114776,61435,信达期货,68271,-4747,中银国际,88044,-94
1290,TA105,2021-01-29,8,徽商期货,110744,75583,浙商期货,67880,-3546,东吴期货,78772,3600
1291,TA105,2021-01-29,9,国泰君安,110734,58798,中信期货,65277,9526,国泰君安,78331,-9956
1292,TA105,2021-01-29,10,光大期货,109595,25724,广发期货,55065,-758,东海期货,63298,964
1293,TA105,2021-01-29,11,东海期货,102310,87524,宝城期货,52277,-5062,通惠期货,58783,2060
1294,TA105,2021-01-29,12,华安期货,99823,39466,银河期货,46287,-8088,南华期货,48792,-566
1295,TA105,2021-01-29,13,银河期货,99353,48084,徽商期货,45007,-1024,光大期货,39073,2671
1296,TA105,2021-01-29,14,华西期货,97519,55676,大地期货,43777,-309,天风期货,35318,-600
1297,TA105,2021-01-29,15,华闻期货,92184,55220,海通期货,42731,11649,申银万国,34353,-630
1298,TA105,2021-01-29,16,新湖期货,83038,37941,瑞达期货,41126,-201,新湖期货,33965,3071
1299,TA105,2021-01-29,17,中辉期货,80019,46692,光大期货,41011,-1570,瑞达期货,33143,-756
1300,TA105,2021-01-29,18,东吴期货,79326,42497,金瑞期货,40105,-8706,东证期货,29964,2630
1301,TA105,2021-01-29,19,方正中期,62022,31879,摩根大通,35391,14644,弘业期货,29104,382
1302,TA105,2021-01-29,20,中信建投,52328,29354,中辉期货,34360,-1258,宏源期货,27392,-367
1303,TA107,2021-01-29,1,国富期货,507,507,中信期货,488,0,兴证期货,1273,0
1304,TA107,2021-01-29,2,光大期货,251,251,国联期货,306,0,光大期货,250,250
1305,TA107,2021-01-29,3,中原期货,200,200,中粮期货,300,-1,南华期货,193,0
1306,TA107,2021-01-29,4,冠通期货,194,186,宏源期货,136,0,东证期货,165,165
1307,TA107,2021-01-29,5,东证期货,165,161,通惠期货,136,0,东兴期货,110,0
1308,TA107,2021-01-29,6,华泰期货,48,48,永安期货,93,0,海证期货,90,0
1309,TA107,2021-01-29,7,华融融达期货,37,0,东航期货,59,1,国富期货,84,-251
1310,TA107,2021-01-29,8,华闻期货,34,24,银河期货,51,-4,东航期货,40,-1
1311,TA107,2021-01-29,9,迈科期货,32,32,华安期货,51,0,招商期货,34,0
1312,TA107,2021-01-29,10,西南期货,30,27,广发期货,50,0,申银万国,21,0
1313,TA107,2021-01-29,11,宏源期货,28,26,兴证期货,47,0,华泰期货,20,-3
1314,TA107,2021-01-29,12,东吴期货,19,19,长江期货,45,0,迈科期货,20,-16
1315,TA107,2021-01-29,13,华安期货,15,15,光大期货,42,1,徽商期货,13,0
1316,TA107,2021-01-29,14,徽商期货,13,12,华西期货,38,0,冠通期货,11,-194
1317,TA107,2021-01-29,15,上海大陆,12,-16,安粮期货,33,-2,锦泰期货,10,0
1318,TA107,2021-01-29,16,银河期货,6,6,中国国际,33,4,方正中期,9,0
1319,TA107,2021-01-29,17,国泰君安,6,-5,方正中期,31,5,西南期货,6,-30
1320,TA107,2021-01-29,18,锦泰期货,6,6,华金期货,30,0,国泰君安,6,6
1321,TA107,2021-01-29,19,招商期货,5,3,瑞达期货,25,-2,宏源期货,6,-18
1322,TA107,2021-01-29,20,方正中期,5,5,广州期货,25,1,华安期货,6,5
1323,TA109,2021-01-29,1,华泰期货,60905,19160,信达期货,51363,1633,中银国际,92021,-227
1324,TA109,2021-01-29,2,东证期货,60779,26992,建信期货,45869,-1213,申银万国,53324,-1137
1325,TA109,2021-01-29,3,中信期货,38134,20717,瑞达期货,38463,-15,国贸期货,52450,776
1326,TA109,2021-01-29,4,海通期货,37713,14907,南华期货,33070,-59,国泰君安,51697,1267
1327,TA109,2021-01-29,5,东吴期货,31950,16070,中信期货,27891,3970,永安期货,51656,697
1328,TA109,2021-01-29,6,国泰君安,23029,416,浙商期货,24591,-931,东证期货,48860,11522
1329,TA109,2021-01-29,7,银河期货,20577,18361,永安期货,24096,-111,建信期货,45854,-253
1330,TA109,2021-01-29,8,光大期货,16414,-3006,华泰期货,23118,1014,光大期货,44939,-526
1331,TA109,2021-01-29,9,兴业期货,16089,15645,中信建投,22048,212,新湖期货,37787,412
1332,TA109,2021-01-29,10,华安期货,12355,3775,申银万国,21359,2685,中国国际,30778,43
1333,TA109,2021-01-29,11,国信期货,11817,11037,光大期货,21270,2048,宝城期货,24014,405
1334,TA109,2021-01-29,12,华闻期货,11025,3113,东吴期货,20725,-376,中信期货,22312,408
1335,TA109,2021-01-29,13,金瑞期货,10960,9033,新湖期货,18848,2776,瑞达期货,21533,-197
1336,TA109,2021-01-29,14,国投安信期货,10408,3343,宝城期货,17752,4208,通惠期货,21449,0
1337,TA109,2021-01-29,15,华西期货,8739,5692,中辉期货,16148,-119,银河期货,20282,-4585
1338,TA109,2021-01-29,16,宏源期货,7976,6591,银河期货,15109,4632,海通期货,20138,-2124
1339,TA109,2021-01-29,17,宝城期货,7583,6771,国泰君安,15079,-540,信达期货,20040,-4
1340,TA109,2021-01-29,18,申银万国,7438,5737,广发期货,14627,-102,浙商期货,18773,508
1341,TA109,2021-01-29,19,鲁证期货,7237,4417,大地期货,14306,1010,南华期货,17778,47
1342,TA109,2021-01-29,20,徽商期货,7149,4662,国投安信期货,13629,471,中辉期货,15676,-104
1343,TA112,2021-01-29,1,广发期货,88,88,华泰期货,8253,-32,华泰期货,8251,1
1344,TA112,2021-01-29,2,五矿经易期货,57,57,光大期货,2000,0,光大期货,2000,0
1345,TA112,2021-01-29,3,华安期货,43,29,恒泰期货,600,0,恒泰期货,600,0
1346,TA112,2021-01-29,4,西南期货,36,36,方正中期,60,-1,建信期货,187,0
1347,TA112,2021-01-29,5,华泰期货,35,31,南华期货,60,0,上海中期,50,0
1348,TA112,2021-01-29,6,徽商期货,27,27,瑞达期货,56,0,五矿经易期货,39,39
1349,TA112,2021-01-29,7,中信期货,15,15,财达期货,50,0,华安期货,30,5
1350,TA112,2021-01-29,8,创元期货,15,11,广发期货,30,26,徽商期货,17,15
1351,TA112,2021-01-29,9,宝城期货,14,14,银河期货,23,-2,先锋期货,17,0
1352,TA112,2021-01-29,10,银河期货,11,9,中信期货,22,15,申银万国,15,4
1353,TA112,2021-01-29,11,东海期货,10,10,宝城期货,21,14,中信期货,11,0
1354,TA112,2021-01-29,12,浙商期货,6,2,长江期货,8,5,红塔期货,9,0
1355,TA112,2021-01-29,13,长江期货,5,5,东航期货,6,0,西南期货,8,-36
1356,TA112,2021-01-29,14,大连良运,5,5,新湖期货,6,-1,方正中期,4,0
1357,TA112,2021-01-29,15,申银万国,4,4,中原期货,4,1,银河期货,3,1
1358,TA112,2021-01-29,16,中信建投,4,-2,美尔雅,4,0,广州期货,2,2
1359,TA112,2021-01-29,17,新湖期货,3,3,云财富期货,4,0,新湖期货,2,2
1360,TA112,2021-01-29,18,国联期货,2,2,上海中期,4,0,创元期货,1,1
1361,TA112,2021-01-29,19,东吴期货,2,-1,宏源期货,4,0,美尔雅,1,1
1362,TA112,2021-01-29,20,广州期货,2,1,华金期货,3,0,平安期货,1,1
1363,TA201,2021-01-29,1,首创期货,376,111,国元期货,6007,0,宝城期货,14000,0
1364,TA201,2021-01-29,2,新湖期货,326,260,瑞达期货,5615,1,建信期货,7800,0
1365,TA201,2021-01-29,3,弘业期货,269,264,冠通期货,4800,0,瑞达期货,5534,-33
1366,TA201,2021-01-29,4,中国国际,261,252,新湖期货,3976,300,中信期货,839,93
1367,TA201,2021-01-29,5,中天期货,244,145,中信期货,2632,1,新湖期货,681,-20
1368,TA201,2021-01-29,6,徽商期货,186,103,建信期货,2610,0,国泰君安,651,-8
1369,TA201,2021-01-29,7,华融融达期货,171,155,海证期货,2610,0,海证期货,337,59
1370,TA201,2021-01-29,8,宏源期货,128,108,上海中期,411,5,兴证期货,246,-44
1371,TA201,2021-01-29,9,中信期货,114,74,红塔期货,320,0,银河期货,208,14
1372,TA201,2021-01-29,10,华闻期货,100,40,徽商期货,200,52,中国国际,173,161
1373,TA201,2021-01-29,11,广州期货,94,93,安粮期货,188,7,浙商期货,172,9
1374,TA201,2021-01-29,12,上海东亚,85,-215,上海东亚,180,-85,美尔雅,140,-18
1375,TA201,2021-01-29,13,中大期货,83,49,中粮期货,177,-23,永安期货,118,8
1376,TA201,2021-01-29,14,兴证期货,82,73,国泰君安,163,17,中信建投,110,10
1377,TA201,2021-01-29,15,海证期货,77,77,银河期货,161,5,东海期货,80,0
1378,TA201,2021-01-29,16,长江期货,71,68,长江期货,153,51,中大期货,77,76
1379,TA201,2021-01-29,17,五矿经易期货,64,64,申银万国,115,-1,中财期货,60,0
1380,TA201,2021-01-29,18,中财期货,63,53,宝城期货,103,0,国投安信期货,59,8
1381,TA201,2021-01-29,19,广发期货,50,43,广州期货,95,92,申银万国,50,0
1382,TA201,2021-01-29,20,冠通期货,50,-91,创元期货,92,1,东证期货,50,0
1383,UR102,2021-01-29,1,东吴期货,2,2,国泰君安,9,0,国泰君安,15,0
1384,UR102,2021-01-29,2,永安期货,2,2,鲁证期货,8,-1,永安期货,2,2
1385,UR102,2021-01-29,3,鲁证期货,1,1,-,-,-,-,-,-
1386,UR102,2021-01-29,4,创元期货,1,0,-,-,-,-,-,-
1387,UR105,2021-01-29,1,海通期货,40794,10519,中信期货,11926,914,永安期货,7498,291
1388,UR105,2021-01-29,2,东证期货,22303,5817,鲁证期货,8872,1975,银河期货,7322,-203
1389,UR105,2021-01-29,3,中信建投,17890,12486,海通期货,5727,1672,国泰君安,7181,968
1390,UR105,2021-01-29,4,徽商期货,16092,4691,国泰君安,5678,2076,美尔雅,4835,217
1391,UR105,2021-01-29,5,国泰君安,11768,5725,银河期货,5511,329,宝城期货,4402,3582
1392,UR105,2021-01-29,6,华安期货,11096,4809,东证期货,5435,299,徽商期货,4306,1586
1393,UR105,2021-01-29,7,华泰期货,10735,5139,永安期货,4686,1373,中信期货,3898,383
1394,UR105,2021-01-29,8,光大期货,10571,3531,中信建投,4234,2375,华安期货,3620,601
1395,UR105,2021-01-29,9,美尔雅,10090,6327,华泰期货,3322,609,浙商期货,3197,1277
1396,UR105,2021-01-29,10,银河期货,9880,1747,中辉期货,3316,1549,格林大华期货,3153,1946
1397,UR105,2021-01-29,11,永安期货,9740,1111,一德期货,2803,233,申银万国,3136,665
1398,UR105,2021-01-29,12,浙商期货,8752,4079,南华期货,2765,456,中信建投,3011,351
1399,UR105,2021-01-29,13,冠通期货,8669,7295,宏源期货,2608,706,宏源期货,2939,260
1400,UR105,2021-01-29,14,东吴期货,7910,2851,长江期货,2511,266,国贸期货,2930,280
1401,UR105,2021-01-29,15,鲁证期货,7746,-1592,招金期货,2506,1404,弘业期货,2792,1038
1402,UR105,2021-01-29,16,中辉期货,7373,4152,兴证期货,2469,889,长江期货,2756,-1
1403,UR105,2021-01-29,17,中信期货,6867,1006,东吴期货,2216,-93,河北恒银,2595,234
1404,UR105,2021-01-29,18,方正中期,6492,3187,华安期货,2181,303,国投安信期货,2411,189
1405,UR105,2021-01-29,19,东方财富,5609,2403,中州期货,2173,570,华泰期货,2300,1332
1406,UR105,2021-01-29,20,一德期货,5415,1439,浙商期货,1992,1021,一德期货,2263,1368
1407,WH103,2021-01-29,1,-,-,-,英大期货,1,0,中州期货,1,0
1408,ZC102,2021-01-29,1,中电投先融,103,103,国泰君安,233,-16,东海期货,1000,-3
1409,ZC102,2021-01-29,2,美尔雅,76,69,华鑫期货,201,1,兴业期货,17,0
1410,ZC102,2021-01-29,3,江西瑞奇,70,34,锦泰期货,200,0,大地期货,8,-24
1411,ZC102,2021-01-29,4,中辉期货,55,54,一德期货,200,-2,-,-,-
1412,ZC102,2021-01-29,5,徽商期货,40,38,中电投先融,137,-63,-,-,-
1413,ZC102,2021-01-29,6,华闻期货,40,36,兴业期货,17,0,-,-,-
1414,ZC102,2021-01-29,7,国泰君安,32,22,中州期货,16,-10,-,-,-
1415,ZC102,2021-01-29,8,宏源期货,31,6,银河期货,15,-2,-,-,-
1416,ZC102,2021-01-29,9,方正中期,28,21,华联期货,5,0,-,-,-
1417,ZC102,2021-01-29,10,大地期货,24,6,兴证期货,1,0,-,-,-
1418,ZC102,2021-01-29,11,华金期货,23,20,-,-,-,-,-,-
1419,ZC102,2021-01-29,12,广州期货,21,20,-,-,-,-,-,-
1420,ZC102,2021-01-29,13,中州期货,20,18,-,-,-,-,-,-
1421,ZC102,2021-01-29,14,平安期货,20,20,-,-,-,-,-,-
1422,ZC102,2021-01-29,15,申银万国,19,18,-,-,-,-,-,-
1423,ZC102,2021-01-29,16,中国国际,18,13,-,-,-,-,-,-
1424,ZC102,2021-01-29,17,金元期货,16,16,-,-,-,-,-,-
1425,ZC102,2021-01-29,18,银河期货,15,1,-,-,-,-,-,-
1426,ZC102,2021-01-29,19,中粮期货,15,12,-,-,-,-,-,-
1427,ZC102,2021-01-29,20,华安期货,14,9,-,-,-,-,-,-
1428,ZC103,2021-01-29,1,国泰君安,1180,393,永安期货,1812,355,国泰君安,1872,-161
1429,ZC103,2021-01-29,2,中信建投,1116,916,大地期货,1010,-15,美尔雅,1702,-116
1430,ZC103,2021-01-29,3,永安期货,714,605,银河期货,714,-116,国联期货,823,3
1431,ZC103,2021-01-29,4,国投安信期货,582,205,新湖期货,631,-111,中信期货,765,-100
1432,ZC103,2021-01-29,5,东吴期货,457,343,中信建投,560,-33,中大期货,527,27
1433,ZC103,2021-01-29,6,安粮期货,456,322,中信期货,495,-67,一德期货,480,-34
1434,ZC103,2021-01-29,7,银河期货,442,281,华泰期货,433,7,中信建投,407,-113
1435,ZC103,2021-01-29,8,锦泰期货,426,294,东海期货,403,3,东证期货,385,-23
1436,ZC103,2021-01-29,9,中信期货,335,223,中电投先融,305,100,国投安信期货,282,-500
1437,ZC103,2021-01-29,10,广发期货,327,278,中辉期货,243,-41,招商期货,229,121
1438,ZC103,2021-01-29,11,华泰期货,323,195,国泰君安,218,-17,银河期货,218,-104
1439,ZC103,2021-01-29,12,东证期货,272,219,一德期货,211,-44,永安期货,213,39
1440,ZC103,2021-01-29,13,招商期货,255,220,广发期货,206,14,上海中期,193,25
1441,ZC103,2021-01-29,14,中粮期货,237,224,瑞达期货,179,1,上海东亚,148,145
1442,ZC103,2021-01-29,15,方正中期,234,141,安粮期货,178,63,华闻期货,138,131
1443,ZC103,2021-01-29,16,光大期货,203,153,徽商期货,165,-16,华泰期货,136,-26
1444,ZC103,2021-01-29,17,华闻期货,197,175,建信期货,159,-178,格林大华期货,135,26
1445,ZC103,2021-01-29,18,中辉期货,195,81,宝城期货,156,-8,华鑫期货,119,5
1446,ZC103,2021-01-29,19,中衍期货,193,128,先锋期货,148,-39,弘业期货,115,0
1447,ZC103,2021-01-29,20,美尔雅,191,-45,华鑫期货,140,-10,海证期货,96,-32
1448,ZC105,2021-01-29,1,东证期货,140976,36302,永安期货,29850,4950,国泰君安,17244,1740
1449,ZC105,2021-01-29,2,光大期货,79714,30435,中信期货,19670,381,中信期货,16071,767
1450,ZC105,2021-01-29,3,海通期货,65666,6813,华泰期货,11871,793,东证期货,14212,1645
1451,ZC105,2021-01-29,4,中信期货,64742,18054,东证期货,9151,-31,银河期货,9501,111
1452,ZC105,2021-01-29,5,华闻期货,63217,31191,瑞达期货,8187,304,华泰期货,9296,201
1453,ZC105,2021-01-29,6,新湖期货,48727,15727,银河期货,7952,1445,国投安信期货,8901,-1507
1454,ZC105,2021-01-29,7,华西期货,46432,14242,中信建投,7032,4101,光大期货,8841,-146
1455,ZC105,2021-01-29,8,华泰期货,44006,16539,国盛期货,6631,30,国联期货,7163,1817
1456,ZC105,2021-01-29,9,徽商期货,42093,22959,新湖期货,6509,664,永安期货,6045,906
1457,ZC105,2021-01-29,10,中信建投,31928,14642,申银万国,6167,678,海通期货,6023,-490
1458,ZC105,2021-01-29,11,国富期货,28859,6066,五矿经易期货,6137,1169,徽商期货,5708,1094
1459,ZC105,2021-01-29,12,东吴期货,24457,9664,宝城期货,5823,5326,美尔雅,4849,154
1460,ZC105,2021-01-29,13,国泰君安,22865,7269,国泰君安,5660,-2221,兴证期货,4724,603
1461,ZC105,2021-01-29,14,永安期货,22590,8471,首创期货,5388,-404,浙商期货,4416,1889
1462,ZC105,2021-01-29,15,银河期货,22450,12705,南华期货,4655,-398,一德期货,4312,165
1463,ZC105,2021-01-29,16,东方财富,21776,8064,中粮期货,4299,266,国富期货,4254,222
1464,ZC105,2021-01-29,17,华安期货,21097,8784,长江期货,4183,-85,鲁证期货,3980,-132
1465,ZC105,2021-01-29,18,申银万国,19355,7358,一德期货,4116,221,申银万国,3811,803
1466,ZC105,2021-01-29,19,一德期货,18750,6050,海通期货,3808,96,方正中期,3744,967
1467,ZC105,2021-01-29,20,方正中期,18114,9740,国富期货,3418,51,中粮期货,3725,2042
1468,ZC106,2021-01-29,1,中天期货,9259,4609,锦泰期货,2330,17,锦泰期货,2436,82
1469,ZC106,2021-01-29,2,创元期货,6250,650,中信期货,1522,84,国投安信期货,1704,0
1470,ZC106,2021-01-29,3,锦泰期货,4517,2212,五矿经易期货,1450,242,中信期货,1520,87
1471,ZC106,2021-01-29,4,浙商期货,2433,1001,宏源期货,1232,-2,宏源期货,1014,-1
1472,ZC106,2021-01-29,5,宏源期货,2089,318,宝城期货,999,18,宝城期货,1003,0
1473,ZC106,2021-01-29,6,中信期货,1949,1009,建信期货,750,0,五矿经易期货,890,250
1474,ZC106,2021-01-29,7,宝城期货,1884,610,方正中期,655,5,美尔雅,795,-4
1475,ZC106,2021-01-29,8,国信期货,1825,609,中大期货,476,0,国泰君安,753,9
1476,ZC106,2021-01-29,9,南华期货,1812,352,安粮期货,469,66,方正中期,668,12
1477,ZC106,2021-01-29,10,方正中期,1721,767,南华期货,410,0,南华期货,414,0
1478,ZC106,2021-01-29,11,东证期货,1631,831,永安期货,405,12,永安期货,395,9
1479,ZC106,2021-01-29,12,中信建投,1494,568,国信期货,374,0,中大期货,378,0
1480,ZC106,2021-01-29,13,五矿经易期货,1472,602,华泰期货,353,9,国信期货,363,-5
1481,ZC106,2021-01-29,14,鲁证期货,1283,1153,大地期货,350,0,大地期货,350,0
1482,ZC106,2021-01-29,15,大地期货,1032,376,东证期货,317,-19,东证期货,306,-12
1483,ZC106,2021-01-29,16,永安期货,913,261,首创期货,316,312,鲁证期货,245,134
1484,ZC106,2021-01-29,17,银河期货,746,674,中辉期货,300,33,徽商期货,116,-1
1485,ZC106,2021-01-29,18,申银万国,658,550,海证期货,166,18,安粮期货,116,80
1486,ZC106,2021-01-29,19,国富期货,578,457,天风期货,164,58,金瑞期货,114,-4
1487,ZC106,2021-01-29,20,广发期货,469,371,银河期货,126,4,中财期货,103,2
1488,ZC109,2021-01-29,1,中信期货,3348,1081,中信期货,6260,1118,中信期货,7053,1246
1489,ZC109,2021-01-29,2,安粮期货,2116,1937,华泰期货,1831,1309,国海良时,1703,1615
1490,ZC109,2021-01-29,3,华泰期货,1753,1461,中大期货,1036,174,永安期货,1353,686
1491,ZC109,2021-01-29,4,国海良时,1673,1654,首创期货,1010,-71,东吴期货,794,0
1492,ZC109,2021-01-29,5,国富期货,1598,1460,国投安信期货,928,5,中大期货,666,-19
1493,ZC109,2021-01-29,6,海通期货,1481,1205,东证期货,795,11,华泰期货,520,8
1494,ZC109,2021-01-29,7,华闻期货,1107,810,东吴期货,779,1,渤海期货,510,2
1495,ZC109,2021-01-29,8,永安期货,1071,1041,国盛期货,755,-1,安粮期货,390,39
1496,ZC109,2021-01-29,9,上海大陆,1037,469,国泰君安,601,224,申银万国,384,128
1497,ZC109,2021-01-29,10,东证期货,731,412,光大期货,443,22,前海期货,355,185
1498,ZC109,2021-01-29,11,华安期货,587,479,兴业期货,429,127,东证期货,317,-20
1499,ZC109,2021-01-29,12,南华期货,461,374,银河期货,355,62,华金期货,308,67
1500,ZC109,2021-01-29,13,徽商期货,450,371,新湖期货,328,100,国投安信期货,255,1
1501,ZC109,2021-01-29,14,创元期货,445,405,安粮期货,261,133,国泰君安,251,10
1502,ZC109,2021-01-29,15,国泰君安,368,268,西南期货,250,20,海通期货,225,22
1503,ZC109,2021-01-29,16,中财期货,339,305,中财期货,241,234,国富期货,204,30
1504,ZC109,2021-01-29,17,中天期货,335,289,一德期货,225,191,广发期货,200,44
1505,ZC109,2021-01-29,18,东航期货,312,305,申银万国,222,-17,中航期货,186,-1
1506,ZC109,2021-01-29,19,申银万国,263,215,华金期货,173,1,华安期货,185,38
1507,ZC109,2021-01-29,20,一德期货,226,167,永安期货,164,117,徽商期货,184,55
