order_book_id,trading_date,close,total_turnover,limit_down,open,volume,high,settlement,open_interest,prev_settlement,limit_up,low,underlying_symbol,dominant_id
MA888,2020/12/4,2243,27297867510,2137,2257,1218111,2265,2245,767885,2274,2411,2210,MA,MA2101
MA888,2020/12/7,2247,21619983560,2110,2244,957908,2286,2261,715366,2245,2380,2238,MA,MA2101
MA888,2020/12/8,2231,26976757500,2125,2254,1198967,2284,2254,719650,2261,2397,2229,MA,MA2101
MA888,2020/12/9,2273,21409110920,2119,2242,950671,2281,2256,651728,2254,2389,2234,MA,MA2101
MA888,2020/12/10,2309,23917232440,2120,2273,1037174,2335,2310,632756,2256,2392,2272,MA,MA2101
MA888,2020/12/11,2439,28051674560,2171,2318,1185616,2446,2370,519410,2310,2449,2308,MA,MA2101
MA888,2020/12/14,2439,31446887610,2256,2433,1273669,2456,2433,919633,2403,2550,2410,MA,MA2105
MA888,2020/12/15,2479,36951705120,2284,2445,1486392,2488,2450,1048441,2433,2582,2418,MA,MA2105
MA888,2020/12/16,2455,31439682400,2300,2484,1256080,2489,2467,1022953,2450,2600,2447,MA,MA2105
MA888,2020/12/17,2467,36675440820,2316,2458,1474686,2475,2451,1057334,2467,2618,2428,MA,MA2105
MA888,2020/12/18,2481,42495667200,2301,2467,1686336,2526,2484,1018648,2451,2601,2451,MA,MA2105
MA888,2020/12/21,2475,35930732240,2332,2487,1424692,2513,2486,1025060,2484,2636,2458,MA,MA2105
MA888,2020/12/22,2431,48037078320,2334,2462,1915354,2522,2472,1014468,2486,2638,2426,MA,MA2105
MA888,2020/12/23,2392,42600720330,2321,2442,1746647,2444,2403,961581,2472,2623,2349,MA,MA2105
MA888,2020/12/24,2473,57351606980,2256,2412,2295901,2505,2462,1061469,2403,2550,2402,MA,MA2105
MA888,2020/12/25,2422,36625222200,2312,2467,1473852,2479,2449,989022,2462,2612,2415,MA,MA2105
MA888,2020/12/28,2327,47193528880,2299,2414,1950952,2436,2383,1062471,2449,2599,2308,MA,MA2105
MA888,2020/12/29,2300,39182889500,2237,2334,1667357,2348,2314,948115,2383,2529,2279,MA,MA2105
MA888,2020/12/30,2330,31824324000,2173,2300,1353075,2338,2316,954747,2314,2455,2286,MA,MA2105
MA888,2020/12/31,2361,29721391250,2174,2330,1251427,2366,2339,863234,2316,2458,2317,MA,MA2105
MA888,2021/1/4,2369,25291524960,2196,2356,1057338,2382,2356,934658,2339,2482,2331,MA,MA2105
MA888,2021/1/5,2380,29448916860,2212,2356,1222454,2389,2373,889468,2356,2500,2351,MA,MA2105
MA888,2021/1/6,2350,32260412580,2228,2390,1339162,2400,2373,987317,2373,2518,2335,MA,MA2105
MA888,2021/1/7,2344,34640523390,2228,2350,1461009,2356,2335,939591,2373,2518,2299,MA,MA2105
MA888,2021/1/8,2281,36760147050,2192,2340,1568935,2349,2307,1068336,2335,2478,2257,MA,MA2105
MA888,2021/1/11,2291,37817744650,2166,2291,1612697,2333,2309,1028335,2307,2448,2282,MA,MA2105
MA888,2021/1/12,2306,38302558700,2168,2293,1653110,2316,2281,1062972,2309,2450,2230,MA,MA2105
MA888,2021/1/13,2326,35380971360,2141,2317,1504293,2348,2316,1004703,2281,2421,2286,MA,MA2105
MA888,2021/1/14,2282,30332600730,2174,2325,1297929,2331,2301,1006711,2316,2458,2270,MA,MA2105
MA888,2021/1/15,2267,38305644120,2160,2277,1653957,2308,2280,1116495,2301,2442,2244,MA,MA2105
MA888,2021/1/18,2305,28517682340,2141,2267,1230802,2309,2281,1056936,2280,2419,2251,MA,MA2105
MA888,2021/1/19,2279,29841220810,2141,2305,1281289,2314,2293,1046484,2281,2421,2266,MA,MA2105
MA888,2021/1/20,2227,34504559540,2153,2273,1504778,2281,2257,1148081,2293,2433,2224,MA,MA2105
MA888,2021/1/21,2282,33116918850,2119,2229,1443003,2292,2259,1081298,2257,2395,2221,MA,MA2105
MA888,2021/1/22,2302,33797570840,2121,2283,1453034,2308,2290,1105460,2259,2397,2275,MA,MA2105
MA888,2021/1/25,2244,37744455000,2150,2291,1635375,2304,2272,1079170,2290,2430,2237,MA,MA2105
MA888,2021/1/26,2203,30625197310,2133,2244,1347347,2257,2237,1051873,2272,2411,2200,MA,MA2105
MA888,2021/1/27,2222,19677395920,2100,2203,875329,2223,2212,982434,2237,2374,2199,MA,MA2105
MA888,2021/1/28,2223,26223654860,2077,2216,1166014,2233,2213,1044061,2212,2347,2190,MA,MA2105
MA888,2021/1/29,2261,34578288050,2078,2224,1513273,2281,2249,989481,2213,2348,2217,MA,MA2105
MA888,2021/2/1,2261,24326320000,2111,2270,1054000,2293,2272,879969,2249,2387,2254,MA,MA2105
MA888,2021/2/2,2239,27194834280,2133,2258,1190667,2274,2248,997208,2272,2411,2217,MA,MA2105
MA888,2021/2/3,2231,27066149240,2110,2244,1198678,2245,2222,958930,2248,2386,2194,MA,MA2105
MA888,2021/2/4,2283,30028460000,2086,2241,1309000,2285,2258,938222,2222,2358,2233,MA,MA2105
MA888,2021/2/5,2292,23967063400,2120,2285,1031285,2302,2288,887644,2258,2396,2270,MA,MA2105
MA888,2021/2/8,2284,22844619350,2148,2294,979195,2323,2297,942671,2288,2428,2276,MA,MA2105
MA888,2021/2/9,2290,17864278400,2157,2284,770012,2303,2284,809468,2297,2437,2265,MA,MA2105
MA888,2021/2/10,2212,21300924190,2075,2286,934661,2295,2243,826607,2284,2493,2212,MA,MA2105
MA888,2021/2/18,2320,19707714210,2037,2269,844737,2324,2297,805648,2243,2449,2256,MA,MA2105
MA888,2021/2/19,2351,32854140000,2157,2324,1382750,2377,2340,1027917,2297,2437,2307,MA,MA2105
MA888,2021/2/22,2399,31087387920,2197,2351,1282483,2426,2388,991582,2340,2483,2333,MA,MA2105
MA888,2021/2/23,2414,39939373980,2242,2399,1635519,2449,2406,1077318,2388,2534,2372,MA,MA2105
MA888,2021/2/24,2425,29265715500,2259,2410,1194519,2436,2414,1012055,2406,2553,2391,MA,MA2105
MA888,2021/2/25,2490,42152515520,2267,2440,1678046,2526,2476,1050783,2414,2561,2426,MA,MA2105
MA888,2021/2/26,2436,39533309690,2325,2492,1588321,2502,2453,978662,2476,2627,2406,MA,MA2105
MA888,2021/3/1,2495,52232451180,2303,2430,2067793,2549,2490,1029413,2453,2603,2410,MA,MA2105
MA888,2021/3/2,2492,38980794640,2338,2494,1556741,2504,2468,978661,2490,2642,2434,MA,MA2105
MA888,2021/3/3,2504,41922804560,2317,2505,1645322,2557,2512,989228,2468,2619,2469,MA,MA2105
MA888,2021/3/4,2475,37501679600,2359,2519,1479940,2523,2498,987050,2512,2665,2468,MA,MA2105
MA888,2021/3/5,2535,44585283410,2345,2475,1760177,2546,2497,1075191,2498,2651,2449,MA,MA2105
MA888,2021/3/8,2579,39654353070,2345,2554,1507197,2646,2595,994101,2497,2649,2549,MA,MA2105
MA888,2021/3/9,2540,37172765800,2437,2564,1426430,2598,2570,971891,2595,2753,2538,MA,MA2105
MA888,2021/3/10,2434,43593398720,2413,2549,1735406,2554,2476,945197,2570,2727,2423,MA,MA2105
MA888,2021/3/11,2424,31763747440,2325,2450,1295422,2455,2416,855268,2476,2627,2384,MA,MA2105
MA888,2021/3/12,2441,31772220480,2268,2428,1289457,2449,2428,875007,2416,2564,2396,MA,MA2105
MA888,2021/3/15,2411,32497473300,2280,2447,1323726,2453,2419,890091,2428,2576,2376,MA,MA2105
MA888,2021/3/16,2422,24153022530,2271,2405,983029,2439,2421,791381,2419,2567,2397,MA,MA2105
MA888,2021/3/17,2403,26613307320,2273,2412,1093398,2417,2398,827926,2421,2569,2366,MA,MA2105
MA888,2021/3/18,2378,31843342410,2251,2394,1321849,2397,2373,883464,2398,2545,2340,MA,MA2105
MA888,2021/3/19,2285,37184751870,2228,2366,1576293,2375,2323,884314,2373,2518,2252,MA,MA2105
MA888,2021/3/22,2306,22453955760,2181,2285,964517,2310,2292,784039,2323,2465,2267,MA,MA2105
MA888,2021/3/23,2314,21723582560,2152,2306,926774,2329,2308,787605,2292,2432,2290,MA,MA2105
MA888,2021/3/24,2320,22293333990,2167,2300,948249,2333,2315,767542,2308,2449,2293,MA,MA2105
MA888,2021/3/25,2306,25609907930,2173,2331,1093973,2337,2305,840070,2315,2457,2282,MA,MA2105
MA888,2021/3/26,2326,21934703610,2164,2300,933789,2330,2313,758771,2305,2446,2298,MA,MA2105
MA888,2021/3/29,2342,22553070100,2172,2334,947210,2363,2345,754838,2313,2454,2325,MA,MA2105
MA888,2021/3/30,2382,26828095800,2202,2353,1108599,2407,2384,725307,2345,2488,2351,MA,MA2105
MA888,2021/3/31,2345,24083358450,2238,2376,998895,2394,2375,706536,2384,2530,2338,MA,MA2105
MA888,2021/4/1,2345,19886029540,2230,2344,836602,2360,2341,608860,2375,2520,2323,MA,MA2105
MA888,2021/4/2,2398,25944441310,2198,2345,1081469,2406,2363,668458,2341,2484,2315,MA,MA2105
MA888,2021/4/6,2421,19400203160,2219,2385,793789,2431,2408,599435,2363,2507,2378,MA,MA2105
MA888,2021/4/7,2432,18802635220,2261,2424,762166,2448,2431,616152,2408,2555,2416,MA,MA2105
MA888,2021/4/8,2422,18718273760,2282,2426,763388,2436,2416,542136,2431,2580,2394,MA,MA2105
MA888,2021/4/9,2426,23764436500,2268,2427,969977,2449,2414,634497,2416,2564,2385,MA,MA2105
MA888,2021/4/12,2320,26571252030,2267,2434,1107597,2436,2363,569718,2414,2561,2307,MA,MA2105
MA888,2021/4/13,2345,14709863120,2219,2320,620146,2359,2336,434409,2363,2507,2319,MA,MA2105
MA888,2021/4/14,2365,13728104800,2204,2347,585670,2377,2359,619500,2344,2484,2338,MA,MA2109
MA888,2021/4/15,2428,19544287360,2218,2367,823264,2431,2389,758367,2359,2500,2363,MA,MA2109
MA888,2021/4/16,2472,28787004180,2246,2432,1178829,2485,2457,934898,2389,2532,2420,MA,MA2109
MA888,2021/4/19,2477,22263294690,2310,2481,906117,2490,2472,961506,2457,2604,2450,MA,MA2109
MA888,2021/4/20,2468,25907217710,2324,2487,1052711,2499,2476,1016123,2472,2620,2454,MA,MA2109
MA888,2021/4/21,2424,29170962900,2328,2459,1205910,2470,2434,1045061,2476,2624,2406,MA,MA2109
MA888,2021/4/22,2420,31973791140,2288,2410,1328919,2450,2421,1048941,2434,2580,2396,MA,MA2109
MA888,2021/4/23,2390,30287490100,2276,2426,1267259,2435,2405,1079541,2421,2566,2377,MA,MA2109
MA888,2021/4/26,2448,37526843200,2261,2390,1550696,2475,2435,1179440,2405,2549,2386,MA,MA2109
MA888,2021/4/27,2471,29682722740,2289,2448,1210058,2494,2468,1176116,2435,2581,2441,MA,MA2109
MA888,2021/4/28,2449,35983494160,2320,2470,1482022,2473,2443,1263680,2468,2616,2413,MA,MA2109
MA888,2021/4/29,2467,30317605570,2297,2448,1240999,2484,2458,1185103,2443,2589,2436,MA,MA2109
MA888,2021/4/30,2456,31744086800,2262,2482,1291460,2511,2473,1152462,2458,2654,2446,MA,MA2109
MA888,2021/5/6,2546,23321639900,2276,2471,929149,2558,2525,1158894,2473,2670,2462,MA,MA2109
MA888,2021/5/7,2590,26560299610,2374,2545,1041989,2595,2564,1285605,2525,2676,2536,MA,MA2109
MA888,2021/5/10,2580,36422860000,2411,2588,1414480,2627,2590,1263092,2564,2717,2555,MA,MA2109
MA888,2021/5/11,2574,34260621750,2435,2585,1341975,2603,2568,1171034,2590,2745,2531,MA,MA2109
MA888,2021/5/12,2722,40054857840,2414,2586,1531149,2722,2631,1273015,2568,2722,2566,MA,MA2109
MA888,2021/5/13,2770,74638828880,2395,2742,2697464,2867,2782,1209639,2631,2867,2698,MA,MA2109
MA888,2021/5/14,2749,86697446260,2615,2769,3162986,2838,2756,1379492,2782,2949,2655,MA,MA2109
MA888,2021/5/17,2693,56687467200,2591,2762,2076464,2806,2745,1279979,2756,2921,2674,MA,MA2109
MA888,2021/5/18,2705,40899184800,2581,2689,1522680,2738,2701,1226613,2745,2909,2668,MA,MA2109
MA888,2021/5/19,2670,38311543800,2512,2705,1442996,2707,2670,1182245,2701,2890,2634,MA,MA2109
MA888,2021/5/20,2566,48233105700,2484,2645,1883370,2645,2576,1171221,2670,2856,2511,MA,MA2109
MA888,2021/5/21,2528,37354175430,2396,2555,1482897,2580,2534,1059013,2576,2756,2501,MA,MA2109
MA888,2021/5/24,2591,39435052800,2357,2544,1550120,2610,2559,1142062,2534,2711,2508,MA,MA2109
MA888,2021/5/25,2601,37927748300,2380,2604,1466090,2638,2602,1093896,2559,2738,2576,MA,MA2109
MA888,2021/5/26,2697,46130528700,2420,2593,1778355,2711,2609,1182478,2602,2784,2559,MA,MA2109
MA888,2021/5/27,2584,51517044960,2427,2684,1969306,2684,2631,1183747,2609,2791,2580,MA,MA2109
MA888,2021/5/28,2581,42696234280,2447,2601,1646596,2651,2608,1172491,2631,2815,2568,MA,MA2109
MA888,2021/5/31,2566,38852708230,2426,2581,1512367,2620,2584,1133567,2608,2790,2557,MA,MA2109
MA888,2021/6/1,2582,32195963800,2404,2563,1260116,2590,2570,1103392,2584,2764,2545,MA,MA2109
MA888,2021/6/2,2521,44615069280,2391,2589,1753737,2610,2559,1262016,2570,2749,2510,MA,MA2109
MA888,2021/6/3,2557,35419462750,2380,2519,1402751,2578,2540,1111826,2559,2738,2503,MA,MA2109
MA888,2021/6/4,2521,35921552530,2363,2555,1424893,2574,2536,1135159,2540,2717,2511,MA,MA2109
MA888,2021/6/7,2460,39267090940,2359,2527,1579529,2538,2501,1192009,2536,2713,2452,MA,MA2109
MA888,2021/6/8,2456,28292483520,2326,2475,1161432,2475,2451,1111868,2501,2676,2427,MA,MA2109
MA888,2021/6/9,2475,24585039520,2280,2463,1005112,2481,2461,1081579,2451,2622,2440,MA,MA2109
MA888,2021/6/10,2471,27908926450,2289,2475,1139605,2488,2464,1107517,2461,2633,2443,MA,MA2109
MA888,2021/6/11,2474,28693979550,2292,2484,1170705,2487,2466,1075387,2464,2636,2438,MA,MA2109
MA888,2021/6/15,2529,33595006060,2294,2490,1356278,2532,2492,1125411,2466,2638,2449,MA,MA2109
MA888,2021/6/16,2527,27562167490,2318,2532,1094171,2550,2534,1006459,2492,2666,2519,MA,MA2109
MA888,2021/6/17,2513,27903846300,2357,2528,1113926,2539,2520,1088925,2534,2711,2502,MA,MA2109
MA888,2021/6/18,2467,33771609490,2344,2501,1365613,2527,2488,1036668,2520,2696,2455,MA,MA2109
MA888,2021/6/21,2450,25743147120,2314,2467,1049028,2490,2469,1048930,2488,2662,2447,MA,MA2109
MA888,2021/6/22,2541,35695587690,2297,2450,1435287,2549,2502,1107600,2469,2641,2443,MA,MA2109
MA888,2021/6/23,2572,36034346340,2327,2543,1413666,2604,2564,1110644,2502,2677,2531,MA,MA2109
MA888,2021/6/24,2578,25367873090,2385,2575,987461,2606,2584,1084865,2564,2743,2567,MA,MA2109
MA888,2021/6/25,2606,33064088800,2404,2559,1285540,2614,2587,1130423,2584,2764,2550,MA,MA2109
MA888,2021/6/28,2560,36473411590,2406,2606,1430891,2613,2564,1081754,2587,2768,2529,MA,MA2109
MA888,2021/6/29,2563,27667711860,2385,2560,1083309,2587,2569,1012443,2564,2743,2551,MA,MA2109
MA888,2021/6/30,2582,41730586380,2390,2575,1615586,2645,2598,1144110,2569,2748,2568,MA,MA2109
MA888,2021/7/1,2582,26538799750,2417,2590,1030633,2610,2590,1034134,2598,2779,2571,MA,MA2109
MA888,2021/7/2,2610,29659478310,2409,2604,1148257,2614,2598,1104046,2590,2771,2574,MA,MA2109
MA888,2021/7/5,2633,36346715020,2417,2613,1388339,2665,2633,1180360,2598,2779,2595,MA,MA2109
MA888,2021/7/6,2647,31337435520,2449,2639,1189728,2674,2649,1151232,2633,2817,2628,MA,MA2109
MA888,2021/7/7,2577,37605458160,2464,2630,1464387,2635,2583,1051227,2649,2834,2547,MA,MA2109
MA888,2021/7/8,2556,27116317920,2403,2578,1065893,2586,2559,976082,2583,2763,2535,MA,MA2109
MA888,2021/7/9,2609,27307507850,2380,2552,1068787,2610,2570,973686,2559,2738,2544,MA,MA2109
MA888,2021/7/12,2631,28790675760,2391,2616,1100561,2653,2631,1018669,2570,2749,2611,MA,MA2109
MA888,2021/7/13,2653,21786181230,2447,2627,828687,2663,2644,974077,2631,2815,2623,MA,MA2109
MA888,2021/7/14,2682,29260196160,2459,2645,1106664,2690,2659,1152045,2644,2829,2633,MA,MA2109
MA888,2021/7/15,2651,28841761400,2473,2691,1094564,2692,2650,1058071,2659,2845,2619,MA,MA2109
MA888,2021/7/16,2715,36771463680,2465,2651,1367986,2744,2703,1169974,2650,2835,2647,MA,MA2109
MA888,2021/7/19,2764,31158687990,2514,2730,1145119,2770,2736,1177760,2703,2892,2699,MA,MA2109
MA888,2021/7/20,2733,31491617760,2545,2747,1158632,2763,2733,1173261,2736,2927,2700,MA,MA2109
MA888,2021/7/21,2718,32098246880,2542,2733,1187944,2742,2717,1119113,2733,2924,2678,MA,MA2109
MA888,2021/7/22,2743,35001976320,2527,2740,1279312,2793,2751,1152008,2717,2907,2722,MA,MA2109
MA888,2021/7/23,2717,33401441340,2559,2743,1224842,2780,2742,1113529,2751,2943,2701,MA,MA2109
MA888,2021/7/26,2688,31012746250,2551,2708,1159355,2723,2690,1038539,2742,2933,2665,MA,MA2109
MA888,2021/7/27,2677,20820244900,2502,2693,777455,2710,2693,955050,2690,2878,2674,MA,MA2109
MA888,2021/7/28,2666,26637158050,2505,2672,1006315,2683,2662,947651,2693,2881,2633,MA,MA2109
MA888,2021/7/29,2693,22539377080,2476,2667,845438,2703,2681,883937,2662,2848,2656,MA,MA2109
MA888,2021/7/30,2784,38043291240,2494,2693,1392507,2802,2747,1116337,2681,2868,2685,MA,MA2109
MA888,2021/8/2,2698,33397132680,2555,2778,1224684,2788,2742,1001978,2747,2939,2696,MA,MA2109
MA888,2021/8/3,2641,30402212680,2551,2693,1145956,2700,2668,895518,2742,2933,2628,MA,MA2109
MA888,2021/8/4,2646,21378060200,2482,2620,812854,2661,2645,829422,2668,2854,2620,MA,MA2109
MA888,2021/8/5,2634,26970489920,2460,2639,1022384,2677,2653,808999,2645,2830,2627,MA,MA2109
MA888,2021/8/6,2649,27914105150,2468,2642,1067461,2662,2630,755226,2653,2838,2597,MA,MA2109
MA888,2021/8/9,2606,26408640300,2446,2649,1017674,2658,2610,742075,2630,2814,2572,MA,MA2109
MA888,2021/8/10,2649,19903887990,2428,2598,762309,2660,2626,611902,2610,2792,2595,MA,MA2109
MA888,2021/8/11,2680,17988580800,2443,2640,677536,2685,2670,558435,2626,2809,2640,MA,MA2109
MA888,2021/8/12,2697,17422599600,2484,2689,650097,2719,2695,467698,2670,2856,2668,MA,MA2109
MA888,2021/8/13,2709,12115264500,2494,2697,427950,2714,2699,668767,2692,2890,2681,MA,MA2201
MA888,2021/8/16,2715,25012657140,2500,2711,879798,2744,2711,887283,2699,2898,2678,MA,MA2201
MA888,2021/8/17,2727,24178989880,2511,2711,849578,2741,2714,881523,2711,2911,2691,MA,MA2201
MA888,2021/8/18,2722,23348814780,2514,2733,814683,2763,2734,896428,2714,2914,2710,MA,MA2201
MA888,2021/8/19,2681,30242583120,2531,2727,1070913,2727,2692,915675,2732,2933,2665,MA,MA2201
MA888,2021/8/20,2678,29016585920,2494,2673,1039276,2681,2660,913991,2692,2890,2642,MA,MA2201
MA888,2021/8/23,2789,42993875760,2464,2663,1513336,2794,2709,1099509,2660,2856,2634,MA,MA2201
MA888,2021/8/24,2706,38919312000,2510,2789,1351365,2797,2748,1012330,2709,2908,2690,MA,MA2201
MA888,2021/8/25,2727,25704822000,2546,2716,898770,2747,2728,960216,2748,2950,2706,MA,MA2201
MA888,2021/8/26,2655,29369063440,2527,2723,1039981,2726,2692,1007173,2728,2929,2653,MA,MA2201
MA888,2021/8/27,2683,22706427480,2494,2653,809787,2690,2672,938689,2692,2890,2642,MA,MA2201
MA888,2021/8/30,2683,27753649530,2475,2691,987323,2706,2679,965813,2672,2869,2652,MA,MA2201
MA888,2021/8/31,2659,29304015160,2482,2683,1045079,2698,2672,968866,2679,2876,2639,MA,MA2201
MA888,2021/9/1,2712,41255193110,2475,2649,1468679,2728,2677,1066486,2672,2869,2622,MA,MA2201
MA888,2021/9/2,2756,32116590030,2480,2707,1121781,2770,2731,1044614,2677,2874,2700,MA,MA2201
MA888,2021/9/3,2761,23208766220,2530,2754,803906,2770,2755,1035979,2731,2932,2734,MA,MA2201
MA888,2021/9/6,2786,26916190350,2552,2773,926547,2800,2773,1088568,2755,2958,2749,MA,MA2201
MA888,2021/9/7,2920,42710262840,2569,2794,1429393,2933,2856,1298645,2773,2977,2784,MA,MA2201
MA888,2021/9/8,2927,36827006060,2646,2912,1215814,2947,2897,1252720,2856,3066,2875,MA,MA2201
MA888,2021/9/9,2926,44923637140,2684,2927,1464742,2985,2935,1308503,2897,3110,2893,MA,MA2201
MA888,2021/9/10,2873,45554414200,2720,2916,1488220,2976,2929,1242458,2935,3150,2870,MA,MA2201
MA888,2021/9/13,2917,51219305100,2714,2893,1664045,3012,2946,1327589,2929,3144,2880,MA,MA2201
MA888,2021/9/14,2882,50306082890,2730,2930,1659719,2951,2899,1190686,2946,3162,2858,MA,MA2201
MA888,2021/9/15,2976,58055574150,2686,2883,1912869,2981,2903,1261211,2899,3112,2824,MA,MA2201
MA888,2021/9/16,2993,58183872450,2690,2985,1838353,3073,3033,1192554,2903,3116,2979,MA,MA2201
MA888,2021/9/17,2893,52810111360,2811,2976,1710172,3015,2956,1110401,3033,3255,2880,MA,MA2201
MA888,2021/9/22,3018,40008563900,2739,2908,1286449,3025,2978,1073071,2956,3173,2895,MA,MA2201
MA888,2021/9/23,3130,60981027660,2760,3018,1914031,3143,3054,1239253,2978,3196,2980,MA,MA2201
MA888,2021/9/24,3086,64356831200,2830,3130,1989392,3156,3103,1163319,3054,3278,3033,MA,MA2201
MA888,2021/9/27,3261,74829604560,2876,3101,2229726,3330,3224,1230915,3103,3330,3065,MA,MA2201
MA888,2021/9/28,3407,74643649380,2989,3253,2148637,3443,3342,1195971,3224,3459,3240,MA,MA2201
MA888,2021/9/29,3366,77304766500,3098,3406,2202415,3450,3378,1156521,3342,3586,3298,MA,MA2201
MA888,2021/9/30,3637,72445685760,3097,3375,2021364,3650,3452,1060907,3378,3659,3353,MA,MA2201
MA888,2021/10/8,3609,59238201200,3165,3718,1594568,3720,3583,995164,3452,3739,3457,MA,MA2201
MA888,2021/10/11,3881,92880640580,3285,3606,2365783,3881,3794,1102545,3583,3881,3600,MA,MA2201
MA888,2021/10/12,3922,1.31E+11,3362,3884,3193598,4103,3971,1064712,3794,4226,3849,MA,MA2201
MA888,2021/10/13,3725,1.49E+11,3642,3883,3762188,3982,3829,1079068,3971,4300,3642,MA,MA2201
MA888,2021/10/14,3701,1.30E+11,3512,3730,3428597,3765,3658,1094925,3829,4146,3554,MA,MA2201
MA888,2021/10/15,3630,1.34E+11,3354,3702,3601070,3734,3596,1052706,3658,3962,3491,MA,MA2201
MA888,2021/10/18,3726,1.32E+11,3260,3618,3478945,3781,3664,1070012,3596,3932,3516,MA,MA2201
MA888,2021/10/19,3675,1.12E+11,3322,3718,2936656,3775,3687,1012545,3664,4006,3594,MA,MA2201
MA888,2021/10/20,3343,69482348040,3343,3568,1950108,3604,3431,914756,3687,4031,3343,MA,MA2201
MA888,2021/10/21,3198,98099815230,3003,3218,2860887,3399,3297,1033342,3431,3859,3146,MA,MA2201
MA888,2021/10/22,3131,1.32E+11,2988,3198,4041072,3291,3144,1090736,3297,3606,2988,MA,MA2201
MA888,2021/10/25,3048,1.05E+11,2849,3135,3274071,3170,3080,1045077,3144,3439,2994,MA,MA2201
MA888,2021/10/26,3045,1.07E+11,2790,3086,3378304,3110,3025,1085565,3080,3370,2911,MA,MA2201
MA888,2021/10/27,2740,99875772650,2740,3058,3323653,3069,2873,1113043,3025,3310,2740,MA,MA2201
MA888,2021/10/28,2641,1.19E+11,2512,2696,4360186,2764,2590,1080396,2873,3234,2512,MA,MA2201
MA888,2021/10/29,2721,1.19E+11,2345,2654,4225125,2773,2693,1191328,2590,2835,2628,MA,MA2201
MA888,2021/11/1,2744,97076074560,2438,2713,3332512,2847,2781,1171544,2693,2948,2701,MA,MA2201
MA888,2021/11/2,2709,1.07E+11,2518,2760,3780074,2843,2703,1162818,2781,3044,2532,MA,MA2201
MA888,2021/11/3,2793,99069601520,2447,2690,3481012,2818,2714,1160686,2703,2959,2630,MA,MA2201
MA888,2021/11/4,2757,82500985080,2457,2783,2882634,2797,2730,1152307,2714,2971,2661,MA,MA2201
MA888,2021/11/5,2636,79226783140,2472,2793,2775991,2812,2722,1204221,2730,2988,2635,MA,MA2201
MA888,2021/11/8,2679,68564074180,2465,2648,2412529,2789,2710,1143574,2722,2979,2630,MA,MA2201
MA888,2021/11/9,2638,58868521990,2454,2687,2095711,2716,2677,1110480,2710,2966,2634,MA,MA2201
MA888,2021/11/10,2557,77231209070,2424,2621,2884991,2635,2545,1232338,2677,2930,2461,MA,MA2201
MA888,2021/11/11,2600,68749922630,2304,2558,2539709,2642,2575,1064539,2545,2786,2516,MA,MA2201
MA888,2021/11/12,2429,67875693600,2331,2578,2571049,2594,2508,1249871,2575,2819,2412,MA,MA2201
MA888,2021/11/15,2373,53892997200,2270,2413,2114280,2478,2417,1175445,2508,2746,2364,MA,MA2201
MA888,2021/11/16,2428,42874446360,2187,2378,1676748,2474,2425,1050629,2417,2647,2378,MA,MA2201
MA888,2021/11/17,2425,48635132600,2194,2409,1914769,2462,2408,1138512,2425,2656,2367,MA,MA2201
MA888,2021/11/18,2417,50318534120,2179,2442,1979486,2453,2410,1079739,2408,2637,2355,MA,MA2201
MA888,2021/11/19,2468,53698839300,2181,2407,2093522,2509,2433,1052073,2410,2639,2371,MA,MA2201
MA888,2021/11/22,2511,52911784080,2202,2421,2013386,2545,2496,1040019,2433,2664,2419,MA,MA2201
MA888,2021/11/23,2559,48489186400,2259,2518,1809298,2596,2548,981537,2496,2733,2504,MA,MA2201
MA888,2021/11/24,2590,47313913700,2306,2578,1729942,2650,2603,969476,2548,2790,2566,MA,MA2201
MA888,2021/11/25,2624,49266182280,2356,2603,1808597,2630,2592,970430,2603,2850,2533,MA,MA2201
MA888,2021/11/26,2519,48974576220,2346,2628,1817913,2628,2562,926329,2592,2838,2499,MA,MA2201
MA888,2021/11/29,2538,43252640760,2319,2476,1635879,2552,2512,897171,2562,2805,2459,MA,MA2201
MA888,2021/11/30,2503,34124329900,2274,2533,1289170,2555,2515,795931,2512,2750,2480,MA,MA2201
MA888,2021/12/1,2567,36367359220,2276,2499,1364117,2588,2534,810850,2515,2754,2486,MA,MA2201
MA888,2021/12/2,2494,35849234460,2294,2578,1338657,2604,2546,723297,2534,2774,2492,MA,MA2201
MA888,2021/12/3,2507,33955250560,2304,2480,1296992,2519,2486,703599,2546,2788,2445,MA,MA2201
MA888,2021/12/6,2554,30690904400,2250,2507,1145183,2582,2548,618084,2486,2722,2507,MA,MA2201
MA888,2021/12/7,2503,27019301220,2306,2561,1012338,2582,2537,604882,2548,2790,2485,MA,MA2201
MA888,2021/12/8,2499,27763597620,2296,2503,1058871,2528,2490,552470,2537,2778,2441,MA,MA2201
MA888,2021/12/9,2457,29499276370,2254,2499,1125497,2545,2489,583564,2490,2726,2439,MA,MA2201
MA888,2021/12/10,2496,23347103360,2253,2457,887048,2541,2500,481270,2489,2725,2452,MA,MA2201
MA888,2021/12/13,2585,25111562500,2263,2517,938750,2598,2543,538162,2500,2737,2488,MA,MA2201
MA888,2021/12/14,2583,15652725920,2302,2566,578873,2594,2572,410164,2543,2784,2552,MA,MA2201
MA888,2021/12/15,2562,29294235920,2330,2585,1134556,2625,2582,788203,2561,2792,2551,MA,MA2205
MA888,2021/12/16,2647,35160446200,2349,2551,1360172,2650,2585,821894,2582,2815,2545,MA,MA2205
MA888,2021/12/17,2677,30844761780,2352,2650,1156534,2690,2667,820221,2585,2818,2639,MA,MA2205
MA888,2021/12/20,2614,39706269880,2426,2670,1488241,2732,2668,814242,2667,2908,2607,MA,MA2205
MA888,2021/12/21,2568,35465727180,2427,2610,1369862,2620,2589,902182,2668,2909,2555,MA,MA2205
MA888,2021/12/22,2555,34887559490,2355,2552,1358021,2598,2569,949373,2589,2823,2529,MA,MA2205
MA888,2021/12/23,2568,26975385600,2337,2551,1053726,2580,2560,911006,2569,2801,2534,MA,MA2205
MA888,2021/12/24,2609,41032618380,2329,2568,1570326,2646,2613,991954,2560,2791,2564,MA,MA2205
MA888,2021/12/27,2529,36453269860,2377,2614,1411823,2633,2582,945458,2613,2849,2526,MA,MA2205
MA888,2021/12/28,2523,31454099160,2349,2530,1242263,2561,2532,1031075,2582,2815,2504,MA,MA2205
MA888,2021/12/29,2545,27881520700,2304,2525,1098130,2559,2539,912909,2532,2760,2523,MA,MA2205
MA888,2021/12/30,2544,29116410720,2310,2545,1144513,2565,2544,978140,2539,2768,2518,MA,MA2205
MA888,2021/12/31,2478,34832096880,2315,2536,1389948,2539,2506,988671,2544,2773,2474,MA,MA2205
